Order ID,Date,Account,Aminu SKU,Qty,Appoint. Date,Category,Unit Price,Treat Disc,Retail Disc,Base Price,GST,Final Price,Check (R/T),,,,,,,,,,,,,,,,
2500,01-Nov-25,A,FG - AHA Face Wash - 100ml,1,12-Nov-25,Cleanser,1228.81,,36.00%,786.44,141.56,928,FALSE,,,,,,,,,,,,,,,,
2500,01-Nov-25,A,FG - Sea Salt Body Scrub - 200ml,1,12-Nov-25,Body,2245.76,,36.00%,"1,437.29",258.71,1696,FALSE,,,,,,,,,,,,,,,,
2500,01-Nov-25,A,FG - Radiance Face Oil - 30ml,1,12-Nov-25,Oil,3008.47,,36.00%,"1,925.42",346.58,2272,FALSE,,,,,,,,,,,,,,,,
2500,01-Nov-25,A,FG - Melting Balm Cleanser - 50ml,1,12-Nov-25,Cleanser,1016.95,,36.00%,650.85,117.15,768,FALSE,,,,,,,,,,,,,,,,
2500,01-Nov-25,A,FG - Copper Peptide Serum - 30ml,3,12-Nov-25,Serum,3898.31,,36.00%,"7,484.75",1347.25,8832,FALSE,,,,,,,,,,,,,,,,
2500,01-Nov-25,A,FG - VitC Body Oil - 100ml,11,12-Nov-25,Body,1144.07,,36.00%,"8,054.24",1449.76,9504,FALSE,,,,,,,,,,,,,,,,
2500,01-Nov-25,A,FG - Eye Serum - 10ml,19,12-Nov-25,Serum,1567.8,,36.00%,"19,064.41",3431.59,22496,FALSE,,,,,,,,,,,,,,,,
2501,04-Nov-25,B,FG - Milky Mineral Sunscreen - 5ml,100,11-Nov-25,SPF,0,,36.00%,0,0,0,FALSE,,,,,,,,,,,,,,,,
2502,05-Nov-25,C,FG - Milky Mineral Sunscreen - 5ml,70,11-Nov-25,SPF,0,,36.00%,0,0,0,FALSE,,,,,,,,,,,,,,,,
2503,05-Nov-25,D,FG - Milky Mineral Sunscreen - 5ml,70,11-Nov-25,SPF,0,,36.00%,0,0,0,FALSE,,,,,,,,,,,,,,,,
2504,03-Nov-25,A,FG - Milky Mineral Sunscreen - 5ml,60,11-Nov-25,SPF,0,,36.00%,0,0,0,FALSE,,,,,,,,,,,,,,,,
2505,03-Nov-25,E,FG - Milky Mineral Sunscreen - 5ml,30,11-Nov-25,SPF,0,,36.00%,0,0,0,FALSE,,,,,,,,,,,,,,,,
2506,04-Nov-25,F,FG - Milky Mineral Sunscreen - 5ml,50,05-Nov-25,SPF,0,,36.00%,0,0,0,FALSE,,,,,,,,,,,,,,,,
2507,04-Nov-25,F,FG - Radiance Face Oil - 30ml,5,05-Nov-25,Oil,3008.47,,36.00%,"9,627.12",1732.88,11360,FALSE,,,,,,,,,,,,,,,,
2507,04-Nov-25,F,FG - VitB Body Lotion - 100ml,2,05-Nov-25,Body,1398.31,,36.00%,"1,789.83",322.17,2112,FALSE,,,,,,,,,,,,,,,,
2508,04-Nov-25,F,FG - Milky Mineral Sunscreen - 5ml,110,05-Nov-25,SPF,0,,36.00%,0,0,0,FALSE,,,,,,,,,,,,,,,,
2509,06-Nov-25,G,FG - Milky Mineral Sunscreen - 5ml,50,12-Nov-25,SPF,0,,36.00%,0,0,0,FALSE,,,,,,,,,,,,,,,,
2510,06-Nov-25,H,FG - Milky Mineral Sunscreen - 5ml,50,12-Nov-25,SPF,0,,36.00%,0,0,0,FALSE,,,,,,,,,,,,,,,,
2511,10-Nov-25,A,FG - Milky Mineral Sunscreen - 5ml,50,18-Nov-25,SPF,0,,36.00%,0,0,0,FALSE,,,,,,,,,,,,,,,,
2512,10-Nov-25,B,FG - Milky Mineral Sunscreen - 5ml,60,18-Nov-25,SPF,0,,36.00%,0,0,0,FALSE,,,,,,,,,,,,,,,,
2513,04-Nov-25,G,FG - Milky Mineral Sunscreen - 5ml,50,11-Nov-25,SPF,0,,36.00%,0,0,0,FALSE,,,,,,,,,,,,,,,,
2514,04-Nov-25,I,FG - Milky Mineral Sunscreen - 5ml,80,11-Nov-25,SPF,0,,36.00%,0,0,0,FALSE,,,,,,,,,,,,,,,,
2515,07-Nov-25,J,FG - Milky Mineral Sunscreen - 5ml,60,11-Nov-25,SPF,0,,36.00%,0,0,0,FALSE,,,,,,,,,,,,,,,,
2516,04-Nov-25,K,FG - Milky Mineral Sunscreen - 5ml,40,13-Nov-25,SPF,0,,36.00%,0,0,0,FALSE,,,,,,,,,,,,,,,,
2517,05-Nov-25,L,FG - Milky Mineral Sunscreen - 5ml,40,11-Nov-25,SPF,0,,36.00%,0,0,0,FALSE,,,,,,,,,,,,,,,,
2518,04-Nov-25,M,FG - Milky Mineral Sunscreen - 5ml,30,11-Nov-25,SPF,0,,36.00%,0,0,0,FALSE,,,,,,,,,,,,,,,,
2519,04-Nov-25,F,FG - Eye Serum - 10ml,15,05-Nov-25,Serum,1567.8,,36.00%,"15,050.85",2709.15,17760,FALSE,,,,,,,,,,,,,,,,
2519,04-Nov-25,F,FG - Regenerating Serum - 30ml,0,05-Nov-25,Serum,3389.83,,36.00%,0,0,0,FALSE,,,,,,,,,,,,,,,,
2519,04-Nov-25,F,FG - Melting Balm Cleanser - 50ml,2,05-Nov-25,Cleanser,1016.95,,36.00%,"1,301.69",234.31,1536,FALSE,,,,,,,,,,,,,,,,
2519,04-Nov-25,F,FG - AHA Face Wash - 100ml,2,05-Nov-25,Cleanser,1228.81,,36.00%,"1,572.88",283.12,1856,FALSE,,,,,,,,,,,,,,,,
2519,04-Nov-25,F,FG - Clarifying Concentrate - 10ml,1,05-Nov-25,Serum,661.02,,36.00%,423.05,76.15,499.2,FALSE,,,,,,,,,,,,,,,,
2519,04-Nov-25,F,FG - Nourishing Sleep Oil - 30ml,1,05-Nov-25,Oil,2033.9,,36.00%,"1,301.69",234.31,1536,FALSE,,,,,,,,,,,,,,,,
2519,04-Nov-25,F,FG - Copper Peptide Serum - 10ml,1,05-Nov-25,Serum,1559.32,,36.00%,997.97,179.63,1177.6,FALSE,,,,,,,,,,,,,,,,
2519,04-Nov-25,F,FG - AHA Power Peel - 50ml,1,05-Nov-25,Masks & Exfoliators,1864.41,,36.00%,"1,193.22",214.78,1408,FALSE,,,,,,,,,,,,,,,,
2519,04-Nov-25,F,FG - Sea Salt Body Scrub - 200ml,1,05-Nov-25,Body,2245.76,,36.00%,"1,437.29",258.71,1696,FALSE,,,,,,,,,,,,,,,,
2519,04-Nov-25,F,FG - Skin Perfecting Serum - 30ml,1,05-Nov-25,Serum,2076.27,,36.00%,"1,328.81",239.19,1568,FALSE,,,,,,,,,,,,,,,,
2519,04-Nov-25,F,FG - Drating Cream - 50ml,1,05-Nov-25,Cream,2330.51,,36.00%,"1,491.53",268.47,1760,FALSE,,,,,,,,,,,,,,,,
2519,04-Nov-25,F,FG - Copper Peptide Serum - 30ml,1,05-Nov-25,Serum,3898.31,,36.00%,"2,494.92",449.08,2944,FALSE,,,,,,,,,,,,,,,,
2519,04-Nov-25,F,FG - Clarifying Concentrate - 30ml,1,05-Nov-25,Serum,1652.54,,36.00%,"1,057.63",190.37,1248,FALSE,,,,,,,,,,,,,,,,
2519,04-Nov-25,F,FG - Antioxidant Body Scrub - 200ml,1,05-Nov-25,Body,1991.53,,36.00%,"1,274.58",229.42,1504,FALSE,,,,,,,,,,,,,,,,
2519,04-Nov-25,F,FG - VitC Body Oil - 100ml,1,05-Nov-25,Body,1144.07,,36.00%,732.2,131.8,864,FALSE,,,,,,,,,,,,,,,,
2520,04-Nov-25,F,FG - Eye Serum - 10ml,19,05-Nov-25,Serum,1567.8,,36.00%,"19,064.41",3431.59,22496,FALSE,,,,,,,,,,,,,,,,
2520,04-Nov-25,F,FG - Regenerating Serum - 30ml,0,05-Nov-25,Serum,3389.83,,36.00%,0,0,0,FALSE,,,,,,,,,,,,,,,,
2520,04-Nov-25,F,FG - Melting Balm Cleanser - 50ml,3,05-Nov-25,Cleanser,1016.95,,36.00%,"1,952.54",351.46,2304,FALSE,,,,,,,,,,,,,,,,
2520,04-Nov-25,F,FG - Copper Peptide Serum - 10ml,2,05-Nov-25,Serum,1559.32,,36.00%,"1,995.93",359.27,2355.2,FALSE,,,,,,,,,,,,,,,,
2520,04-Nov-25,F,FG - AHA Face Wash - 100ml,2,05-Nov-25,Cleanser,1228.81,,36.00%,"1,572.88",283.12,1856,FALSE,,,,,,,,,,,,,,,,
2520,04-Nov-25,F,FG - Clarifying Concentrate - 10ml,1,05-Nov-25,Serum,661.02,,36.00%,423.05,76.15,499.2,FALSE,,,,,,,,,,,,,,,,
2520,04-Nov-25,F,FG - Nourishing Sleep Oil - 30ml,1,05-Nov-25,Oil,2033.9,,36.00%,"1,301.69",234.31,1536,FALSE,,,,,,,,,,,,,,,,
2520,04-Nov-25,F,FG - AHA Power Peel - 50ml,1,05-Nov-25,Masks & Exfoliators,1864.41,,36.00%,"1,193.22",214.78,1408,FALSE,,,,,,,,,,,,,,,,
2520,04-Nov-25,F,FG - Sea Salt Body Scrub - 200ml,1,05-Nov-25,Body,2245.76,,36.00%,"1,437.29",258.71,1696,FALSE,,,,,,,,,,,,,,,,
2520,04-Nov-25,F,FG - Skin Perfecting Serum - 30ml,1,05-Nov-25,Serum,2076.27,,36.00%,"1,328.81",239.19,1568,FALSE,,,,,,,,,,,,,,,,
2520,04-Nov-25,F,FG - Drating Cream - 50ml,1,05-Nov-25,Cream,2330.51,,36.00%,"1,491.53",268.47,1760,FALSE,,,,,,,,,,,,,,,,
2520,04-Nov-25,F,FG - Copper Peptide Serum - 30ml,1,05-Nov-25,Serum,3898.31,,36.00%,"2,494.92",449.08,2944,FALSE,,,,,,,,,,,,,,,,
2520,04-Nov-25,F,FG - Clarifying Concentrate - 30ml,1,05-Nov-25,Serum,1652.54,,36.00%,"1,057.63",190.37,1248,FALSE,,,,,,,,,,,,,,,,
2520,04-Nov-25,F,FG - Antioxidant Body Scrub - 200ml,1,05-Nov-25,Body,1991.53,,36.00%,"1,274.58",229.42,1504,FALSE,,,,,,,,,,,,,,,,
2520,04-Nov-25,F,FG - VitC Body Oil - 100ml,1,05-Nov-25,Body,1144.07,,36.00%,732.2,131.8,864,FALSE,,,,,,,,,,,,,,,,
2521,05-Nov-25,A,FG - Eye Serum - 10ml,20,13-Nov-25,Serum,1567.8,,36.00%,"20,067.80",3612.2,23680,FALSE,,,,,,,,,,,,,,,,
2521,05-Nov-25,A,FG - Regenerating Serum - 30ml,0,13-Nov-25,Serum,3389.83,,36.00%,0,0,0,FALSE,,,,,,,,,,,,,,,,
2521,05-Nov-25,A,FG - Melting Balm Cleanser - 50ml,3,13-Nov-25,Cleanser,1016.95,,36.00%,"1,952.54",351.46,2304,FALSE,,,,,,,,,,,,,,,,
2521,05-Nov-25,A,FG - Copper Peptide Serum - 10ml,2,13-Nov-25,Serum,1559.32,,36.00%,"1,995.93",359.27,2355.2,FALSE,,,,,,,,,,,,,,,,
2521,05-Nov-25,A,FG - Skin Perfecting Serum - 30ml,4,13-Nov-25,Serum,2076.27,,36.00%,"5,315.25",956.75,6272,FALSE,,,,,,,,,,,,,,,,
2521,05-Nov-25,A,FG - AHA Face Wash - 100ml,2,13-Nov-25,Cleanser,1228.81,,36.00%,"1,572.88",283.12,1856,FALSE,,,,,,,,,,,,,,,,
2521,05-Nov-25,A,FG - Clarifying Concentrate - 10ml,1,13-Nov-25,Serum,661.02,,36.00%,423.05,76.15,499.2,FALSE,,,,,,,,,,,,,,,,
2521,05-Nov-25,A,FG - Nourishing Sleep Oil - 30ml,1,13-Nov-25,Oil,2033.9,,36.00%,"1,301.69",234.31,1536,FALSE,,,,,,,,,,,,,,,,
2521,05-Nov-25,A,FG - AHA Power Peel - 50ml,1,13-Nov-25,Masks & Exfoliators,1864.41,,36.00%,"1,193.22",214.78,1408,FALSE,,,,,,,,,,,,,,,,
2521,05-Nov-25,A,FG - Sea Salt Body Scrub - 200ml,1,13-Nov-25,Body,2245.76,,36.00%,"1,437.29",258.71,1696,FALSE,,,,,,,,,,,,,,,,
2521,05-Nov-25,A,FG - Drating Cream - 50ml,2,13-Nov-25,Cream,2330.51,,36.00%,"2,983.05",536.95,3520,FALSE,,,,,,,,,,,,,,,,
2521,05-Nov-25,A,FG - Copper Peptide Serum - 30ml,1,13-Nov-25,Serum,3898.31,,36.00%,"2,494.92",449.08,2944,FALSE,,,,,,,,,,,,,,,,
2521,05-Nov-25,A,FG - Clarifying Concentrate - 30ml,1,13-Nov-25,Serum,1652.54,,36.00%,"1,057.63",190.37,1248,FALSE,,,,,,,,,,,,,,,,
2521,05-Nov-25,A,FG - Antioxidant Body Scrub - 200ml,1,13-Nov-25,Body,1991.53,,36.00%,"1,274.58",229.42,1504,FALSE,,,,,,,,,,,,,,,,
2521,05-Nov-25,A,FG - VitC Body Oil - 100ml,1,13-Nov-25,Body,1144.07,,36.00%,732.2,131.8,864,FALSE,,,,,,,,,,,,,,,,
2522,08-Nov-25,H,FG - Eye Serum - 10ml,19,14-Nov-25,Serum,1567.8,,36.00%,"19,064.41",3431.59,22496,FALSE,,,,,,,,,,,,,,,,
2522,08-Nov-25,H,FG - Regenerating Serum - 30ml,0,14-Nov-25,Serum,3389.83,,36.00%,0,0,0,FALSE,,,,,,,,,,,,,,,,
2522,08-Nov-25,H,FG - Melting Balm Cleanser - 50ml,3,14-Nov-25,Cleanser,1016.95,,36.00%,"1,952.54",351.46,2304,FALSE,,,,,,,,,,,,,,,,
2522,08-Nov-25,H,FG - Copper Peptide Serum - 10ml,2,14-Nov-25,Serum,1559.32,,36.00%,"1,995.93",359.27,2355.2,FALSE,,,,,,,,,,,,,,,,
2522,08-Nov-25,H,FG - AHA Face Wash - 100ml,2,14-Nov-25,Cleanser,1228.81,,36.00%,"1,572.88",283.12,1856,FALSE,,,,,,,,,,,,,,,,
2522,08-Nov-25,H,FG - Clarifying Concentrate - 10ml,1,14-Nov-25,Serum,661.02,,36.00%,423.05,76.15,499.2,FALSE,,,,,,,,,,,,,,,,
2522,08-Nov-25,H,FG - Nourishing Sleep Oil - 30ml,1,14-Nov-25,Oil,2033.9,,36.00%,"1,301.69",234.31,1536,FALSE,,,,,,,,,,,,,,,,
2522,08-Nov-25,H,FG - AHA Power Peel - 50ml,1,14-Nov-25,Masks & Exfoliators,1864.41,,36.00%,"1,193.22",214.78,1408,FALSE,,,,,,,,,,,,,,,,
2522,08-Nov-25,H,FG - Sea Salt Body Scrub - 200ml,1,14-Nov-25,Body,2245.76,,36.00%,"1,437.29",258.71,1696,FALSE,,,,,,,,,,,,,,,,
2522,08-Nov-25,H,FG - Skin Perfecting Serum - 30ml,1,14-Nov-25,Serum,2076.27,,36.00%,"1,328.81",239.19,1568,FALSE,,,,,,,,,,,,,,,,
2522,08-Nov-25,H,FG - Drating Cream - 50ml,1,14-Nov-25,Cream,2330.51,,36.00%,"1,491.53",268.47,1760,FALSE,,,,,,,,,,,,,,,,
2522,08-Nov-25,H,FG - Copper Peptide Serum - 30ml,1,14-Nov-25,Serum,3898.31,,36.00%,"2,494.92",449.08,2944,FALSE,,,,,,,,,,,,,,,,
2522,08-Nov-25,H,FG - Clarifying Concentrate - 30ml,1,14-Nov-25,Serum,1652.54,,36.00%,"1,057.63",190.37,1248,FALSE,,,,,,,,,,,,,,,,
2522,08-Nov-25,H,FG - Antioxidant Body Scrub - 200ml,1,14-Nov-25,Body,1991.53,,36.00%,"1,274.58",229.42,1504,FALSE,,,,,,,,,,,,,,,,
2522,08-Nov-25,H,FG - VitC Body Oil - 100ml,1,14-Nov-25,Body,1144.07,,36.00%,732.2,131.8,864,FALSE,,,,,,,,,,,,,,,,
2523,07-Nov-25,J,FG - Eye Serum - 10ml,18,11-Nov-25,Serum,1567.8,,36.00%,"18,061.02",3250.98,21312,FALSE,,,,,,,,,,,,,,,,
2523,07-Nov-25,J,FG - Regenerating Serum - 30ml,0,11-Nov-25,Serum,3389.83,,36.00%,0,0,0,FALSE,,,,,,,,,,,,,,,,
2523,07-Nov-25,J,FG - Melting Balm Cleanser - 50ml,3,11-Nov-25,Cleanser,1016.95,,36.00%,"1,952.54",351.46,2304,FALSE,,,,,,,,,,,,,,,,
2523,07-Nov-25,J,FG - AHA Face Wash - 100ml,2,11-Nov-25,Cleanser,1228.81,,36.00%,"1,572.88",283.12,1856,FALSE,,,,,,,,,,,,,,,,
2523,07-Nov-25,J,FG - Clarifying Concentrate - 10ml,1,11-Nov-25,Serum,661.02,,36.00%,423.05,76.15,499.2,FALSE,,,,,,,,,,,,,,,,
2523,07-Nov-25,J,FG - Nourishing Sleep Oil - 30ml,1,11-Nov-25,Oil,2033.9,,36.00%,"1,301.69",234.31,1536,FALSE,,,,,,,,,,,,,,,,
2523,07-Nov-25,J,FG - Copper Peptide Serum - 10ml,1,11-Nov-25,Serum,1559.32,,36.00%,997.97,179.63,1177.6,FALSE,,,,,,,,,,,,,,,,
2523,07-Nov-25,J,FG - AHA Power Peel - 50ml,1,11-Nov-25,Masks & Exfoliators,1864.41,,36.00%,"1,193.22",214.78,1408,FALSE,,,,,,,,,,,,,,,,
2523,07-Nov-25,J,FG - Sea Salt Body Scrub - 200ml,1,11-Nov-25,Body,2245.76,,36.00%,"1,437.29",258.71,1696,FALSE,,,,,,,,,,,,,,,,
2523,07-Nov-25,J,FG - Skin Perfecting Serum - 30ml,1,11-Nov-25,Serum,2076.27,,36.00%,"1,328.81",239.19,1568,FALSE,,,,,,,,,,,,,,,,
2523,07-Nov-25,J,FG - Drating Cream - 50ml,1,11-Nov-25,Cream,2330.51,,36.00%,"1,491.53",268.47,1760,FALSE,,,,,,,,,,,,,,,,
2523,07-Nov-25,J,FG - Copper Peptide Serum - 30ml,1,11-Nov-25,Serum,3898.31,,36.00%,"2,494.92",449.08,2944,FALSE,,,,,,,,,,,,,,,,
2523,07-Nov-25,J,FG - Clarifying Concentrate - 30ml,0,11-Nov-25,Serum,1652.54,,36.00%,0,0,0,FALSE,,,,,,,,,,,,,,,,
2523,07-Nov-25,J,FG - Antioxidant Body Scrub - 200ml,1,11-Nov-25,Body,1991.53,,36.00%,"1,274.58",229.42,1504,FALSE,,,,,,,,,,,,,,,,
2523,07-Nov-25,J,FG - VitC Body Oil - 100ml,1,11-Nov-25,Body,1144.07,,36.00%,732.2,131.8,864,FALSE,,,,,,,,,,,,,,,,
2524,07-Nov-25,I,FG - Correcting Concentrate - 30ml,1,13-Nov-25,Serum,3050.85,,36.00%,"1,952.54",351.46,2304,FALSE,,,,,,,,,,,,,,,,
2524,07-Nov-25,I,FG - Bio-Retinol Cream - 30ml,1,13-Nov-25,Cream,2415.25,,36.00%,"1,545.76",278.24,1824,FALSE,,,,,,,,,,,,,,,,
2524,07-Nov-25,I,FG - VitC Body Oil - 100ml,3,13-Nov-25,Body,1144.07,,36.00%,"2,196.61",395.39,2592,FALSE,,,,,,,,,,,,,,,,
2524,07-Nov-25,I,FG - Sea Salt Body Scrub - 200ml,3,13-Nov-25,Body,2245.76,,36.00%,"4,311.86",776.14,5088,FALSE,,,,,,,,,,,,,,,,
2524,07-Nov-25,I,FG - Radiance Face Oil - 30ml,3,13-Nov-25,Oil,3008.47,,36.00%,"5,776.27",1039.73,6816,FALSE,,,,,,,,,,,,,,,,
2524,07-Nov-25,I,FG - VitB Body Lotion - 100ml,3,13-Nov-25,Body,1398.31,,36.00%,"2,684.75",483.25,3168,FALSE,,,,,,,,,,,,,,,,
2524,07-Nov-25,I,FG - Copper Peptide Serum - 30ml,3,13-Nov-25,Serum,3898.31,,36.00%,"7,484.75",1347.25,8832,FALSE,,,,,,,,,,,,,,,,
2524,07-Nov-25,I,FG - Copper Peptide Serum - 10ml,5,13-Nov-25,Serum,1559.32,,36.00%,"4,989.83",898.17,5888,FALSE,,,,,,,,,,,,,,,,
2524,07-Nov-25,I,FG - Eye Serum - 10ml,16,13-Nov-25,Serum,1567.8,,36.00%,"16,054.24",2889.76,18944,FALSE,,,,,,,,,,,,,,,,
2525,07-Nov-25,I,FG - Eye Serum - 10ml,10,13-Nov-25,Serum,1567.8,,36.00%,"10,033.90",1806.1,11840,FALSE,,,,,,,,,,,,,,,,
2525,07-Nov-25,I,FG - Regenerating Serum - 30ml,0,13-Nov-25,Serum,3389.83,,36.00%,0,0,0,FALSE,,,,,,,,,,,,,,,,
2525,07-Nov-25,I,FG - Melting Balm Cleanser - 50ml,2,13-Nov-25,Cleanser,1016.95,,36.00%,"1,301.69",234.31,1536,FALSE,,,,,,,,,,,,,,,,
2525,07-Nov-25,I,FG - Copper Peptide Serum - 10ml,1,13-Nov-25,Serum,1559.32,,36.00%,997.97,179.63,1177.6,FALSE,,,,,,,,,,,,,,,,
2525,07-Nov-25,I,FG - Sea Salt Body Scrub - 200ml,1,13-Nov-25,Body,2245.76,,36.00%,"1,437.29",258.71,1696,FALSE,,,,,,,,,,,,,,,,
2525,07-Nov-25,I,FG - Skin Perfecting Serum - 30ml,1,13-Nov-25,Serum,2076.27,,36.00%,"1,328.81",239.19,1568,FALSE,,,,,,,,,,,,,,,,
2525,07-Nov-25,I,FG - Drating Cream - 50ml,1,13-Nov-25,Cream,2330.51,,36.00%,"1,491.53",268.47,1760,FALSE,,,,,,,,,,,,,,,,
2525,07-Nov-25,I,FG - Clarifying Concentrate - 30ml,0,13-Nov-25,Serum,1652.54,,36.00%,0,0,0,FALSE,,,,,,,,,,,,,,,,
2525,07-Nov-25,I,FG - Antioxidant Body Scrub - 200ml,1,13-Nov-25,Body,1991.53,,36.00%,"1,274.58",229.42,1504,FALSE,,,,,,,,,,,,,,,,
2525,07-Nov-25,I,FG - AHA Face Wash - 100ml,1,13-Nov-25,Cleanser,1228.81,,36.00%,786.44,141.56,928,FALSE,,,,,,,,,,,,,,,,
2525,07-Nov-25,I,FG - VitC Body Oil - 100ml,1,13-Nov-25,Body,1144.07,,36.00%,732.2,131.8,864,FALSE,,,,,,,,,,,,,,,,
2526,06-Nov-25,B,FG - Eye Serum - 10ml,16,18-Nov-25,Serum,1567.8,,36.00%,"16,054.24",2889.76,18944,FALSE,,,,,,,,,,,,,,,,
2526,06-Nov-25,B,FG - Regenerating Serum - 30ml,0,18-Nov-25,Serum,3389.83,,36.00%,0,0,0,FALSE,,,,,,,,,,,,,,,,
2526,06-Nov-25,B,FG - Melting Balm Cleanser - 50ml,2,18-Nov-25,Cleanser,1016.95,,36.00%,"1,301.69",234.31,1536,FALSE,,,,,,,,,,,,,,,,
2526,06-Nov-25,B,FG - AHA Face Wash - 100ml,2,18-Nov-25,Cleanser,1228.81,,36.00%,"1,572.88",283.12,1856,FALSE,,,,,,,,,,,,,,,,
2526,06-Nov-25,B,FG - Clarifying Concentrate - 10ml,1,18-Nov-25,Serum,661.02,,36.00%,423.05,76.15,499.2,FALSE,,,,,,,,,,,,,,,,
2526,06-Nov-25,B,FG - Nourishing Sleep Oil - 30ml,1,18-Nov-25,Oil,2033.9,,36.00%,"1,301.69",234.31,1536,FALSE,,,,,,,,,,,,,,,,
2526,06-Nov-25,B,FG - Copper Peptide Serum - 10ml,1,18-Nov-25,Serum,1559.32,,36.00%,997.97,179.63,1177.6,FALSE,,,,,,,,,,,,,,,,
2526,06-Nov-25,B,FG - AHA Power Peel - 50ml,1,18-Nov-25,Masks & Exfoliators,1864.41,,36.00%,"1,193.22",214.78,1408,FALSE,,,,,,,,,,,,,,,,
2526,06-Nov-25,B,FG - Sea Salt Body Scrub - 200ml,1,18-Nov-25,Body,2245.76,,36.00%,"1,437.29",258.71,1696,FALSE,,,,,,,,,,,,,,,,
2526,06-Nov-25,B,FG - Skin Perfecting Serum - 30ml,1,18-Nov-25,Serum,2076.27,,36.00%,"1,328.81",239.19,1568,FALSE,,,,,,,,,,,,,,,,
2526,06-Nov-25,B,FG - Drating Cream - 50ml,1,18-Nov-25,Cream,2330.51,,36.00%,"1,491.53",268.47,1760,FALSE,,,,,,,,,,,,,,,,
2526,06-Nov-25,B,FG - Copper Peptide Serum - 30ml,1,18-Nov-25,Serum,3898.31,,36.00%,"2,494.92",449.08,2944,FALSE,,,,,,,,,,,,,,,,
2526,06-Nov-25,B,FG - Clarifying Concentrate - 30ml,0,18-Nov-25,Serum,1652.54,,36.00%,0,0,0,FALSE,,,,,,,,,,,,,,,,
2526,06-Nov-25,B,FG - Antioxidant Body Scrub - 200ml,1,18-Nov-25,Body,1991.53,,36.00%,"1,274.58",229.42,1504,FALSE,,,,,,,,,,,,,,,,
2526,06-Nov-25,B,FG - VitC Body Oil - 100ml,1,18-Nov-25,Body,1144.07,,36.00%,732.2,131.8,864,FALSE,,,,,,,,,,,,,,,,
2527,08-Nov-25,G,FG - Eye Serum - 10ml,15,14-Nov-25,Serum,1567.8,,36.00%,"15,050.85",2709.15,17760,FALSE,,,,,,,,,,,,,,,,
2527,08-Nov-25,G,FG - Regenerating Serum - 30ml,0,14-Nov-25,Serum,3389.83,,36.00%,0,0,0,FALSE,,,,,,,,,,,,,,,,
2527,08-Nov-25,G,FG - Melting Balm Cleanser - 50ml,2,14-Nov-25,Cleanser,1016.95,,36.00%,"1,301.69",234.31,1536,FALSE,,,,,,,,,,,,,,,,
2527,08-Nov-25,G,FG - AHA Face Wash - 100ml,2,14-Nov-25,Cleanser,1228.81,,36.00%,"1,572.88",283.12,1856,FALSE,,,,,,,,,,,,,,,,
2527,08-Nov-25,G,FG - Clarifying Concentrate - 10ml,1,14-Nov-25,Serum,661.02,,36.00%,423.05,76.15,499.2,FALSE,,,,,,,,,,,,,,,,
2527,08-Nov-25,G,FG - Nourishing Sleep Oil - 30ml,1,14-Nov-25,Oil,2033.9,,36.00%,"1,301.69",234.31,1536,FALSE,,,,,,,,,,,,,,,,
2527,08-Nov-25,G,FG - Copper Peptide Serum - 10ml,1,14-Nov-25,Serum,1559.32,,36.00%,997.97,179.63,1177.6,FALSE,,,,,,,,,,,,,,,,
2527,08-Nov-25,G,FG - AHA Power Peel - 50ml,1,14-Nov-25,Masks & Exfoliators,1864.41,,36.00%,"1,193.22",214.78,1408,FALSE,,,,,,,,,,,,,,,,
2527,08-Nov-25,G,FG - Sea Salt Body Scrub - 200ml,1,14-Nov-25,Body,2245.76,,36.00%,"1,437.29",258.71,1696,FALSE,,,,,,,,,,,,,,,,
2527,08-Nov-25,G,FG - Skin Perfecting Serum - 30ml,1,14-Nov-25,Serum,2076.27,,36.00%,"1,328.81",239.19,1568,FALSE,,,,,,,,,,,,,,,,
2527,08-Nov-25,G,FG - Drating Cream - 50ml,1,14-Nov-25,Cream,2330.51,,36.00%,"1,491.53",268.47,1760,FALSE,,,,,,,,,,,,,,,,
2527,08-Nov-25,G,FG - Copper Peptide Serum - 30ml,1,14-Nov-25,Serum,3898.31,,36.00%,"2,494.92",449.08,2944,FALSE,,,,,,,,,,,,,,,,
2527,08-Nov-25,G,FG - Clarifying Concentrate - 30ml,1,14-Nov-25,Serum,1652.54,,36.00%,"1,057.63",190.37,1248,FALSE,,,,,,,,,,,,,,,,
2527,08-Nov-25,G,FG - Antioxidant Body Scrub - 200ml,1,14-Nov-25,Body,1991.53,,36.00%,"1,274.58",229.42,1504,FALSE,,,,,,,,,,,,,,,,
2527,08-Nov-25,G,FG - VitC Body Oil - 100ml,1,14-Nov-25,Body,1144.07,,36.00%,732.2,131.8,864,FALSE,,,,,,,,,,,,,,,,
2528,01-Nov-25,M,FG - Eye Serum - 10ml,13,12-Nov-25,Serum,1567.8,,36.00%,"13,044.07",2347.93,15392,FALSE,,,,,,,,,,,,,,,,
2528,01-Nov-25,M,FG - Regenerating Serum - 30ml,0,12-Nov-25,Serum,3389.83,,36.00%,0,0,0,FALSE,,,,,,,,,,,,,,,,
2528,01-Nov-25,M,FG - Melting Balm Cleanser - 50ml,2,12-Nov-25,Cleanser,1016.95,,36.00%,"1,301.69",234.31,1536,FALSE,,,,,,,,,,,,,,,,
2528,01-Nov-25,M,FG - AHA Face Wash - 100ml,2,12-Nov-25,Cleanser,1228.81,,36.00%,"1,572.88",283.12,1856,FALSE,,,,,,,,,,,,,,,,
2528,01-Nov-25,M,FG - Nourishing Sleep Oil - 30ml,1,12-Nov-25,Oil,2033.9,,36.00%,"1,301.69",234.31,1536,FALSE,,,,,,,,,,,,,,,,
2528,01-Nov-25,M,FG - Copper Peptide Serum - 10ml,1,12-Nov-25,Serum,1559.32,,36.00%,997.97,179.63,1177.6,FALSE,,,,,,,,,,,,,,,,
2528,01-Nov-25,M,FG - AHA Power Peel - 50ml,1,12-Nov-25,Masks & Exfoliators,1864.41,,36.00%,"1,193.22",214.78,1408,FALSE,,,,,,,,,,,,,,,,
2528,01-Nov-25,M,FG - Sea Salt Body Scrub - 200ml,1,12-Nov-25,Body,2245.76,,36.00%,"1,437.29",258.71,1696,FALSE,,,,,,,,,,,,,,,,
2528,01-Nov-25,M,FG - Skin Perfecting Serum - 30ml,1,12-Nov-25,Serum,2076.27,,36.00%,"1,328.81",239.19,1568,FALSE,,,,,,,,,,,,,,,,
2528,01-Nov-25,M,FG - Drating Cream - 50ml,1,12-Nov-25,Cream,2330.51,,36.00%,"1,491.53",268.47,1760,FALSE,,,,,,,,,,,,,,,,
2528,01-Nov-25,M,FG - Copper Peptide Serum - 30ml,1,12-Nov-25,Serum,3898.31,,36.00%,"2,494.92",449.08,2944,FALSE,,,,,,,,,,,,,,,,
2528,01-Nov-25,M,FG - Clarifying Concentrate - 30ml,1,12-Nov-25,Serum,1652.54,,36.00%,"1,057.63",190.37,1248,FALSE,,,,,,,,,,,,,,,,
2528,01-Nov-25,M,FG - Antioxidant Body Scrub - 200ml,1,12-Nov-25,Body,1991.53,,36.00%,"1,274.58",229.42,1504,FALSE,,,,,,,,,,,,,,,,
2528,01-Nov-25,M,FG - VitC Body Oil - 100ml,1,12-Nov-25,Body,1144.07,,36.00%,732.2,131.8,864,FALSE,,,,,,,,,,,,,,,,
2529,01-Nov-25,G,FG - Eye Serum - 10ml,11,08-Nov-25,Serum,1567.8,,36.00%,"11,037.29",1986.71,13024,FALSE,,,,,,,,,,,,,,,,
2529,01-Nov-25,G,FG - Regenerating Serum - 30ml,0,08-Nov-25,Serum,3389.83,,36.00%,0,0,0,FALSE,,,,,,,,,,,,,,,,
2529,01-Nov-25,G,FG - Melting Balm Cleanser - 50ml,2,08-Nov-25,Cleanser,1016.95,,36.00%,"1,301.69",234.31,1536,FALSE,,,,,,,,,,,,,,,,
2529,01-Nov-25,G,FG - Nourishing Sleep Oil - 30ml,1,08-Nov-25,Oil,2033.9,,36.00%,"1,301.69",234.31,1536,FALSE,,,,,,,,,,,,,,,,
2529,01-Nov-25,G,FG - Copper Peptide Serum - 10ml,1,08-Nov-25,Serum,1559.32,,36.00%,997.97,179.63,1177.6,FALSE,,,,,,,,,,,,,,,,
2529,01-Nov-25,G,FG - Sea Salt Body Scrub - 200ml,1,08-Nov-25,Body,2245.76,,36.00%,"1,437.29",258.71,1696,FALSE,,,,,,,,,,,,,,,,
2529,01-Nov-25,G,FG - Skin Perfecting Serum - 30ml,1,08-Nov-25,Serum,2076.27,,36.00%,"1,328.81",239.19,1568,FALSE,,,,,,,,,,,,,,,,
2529,01-Nov-25,G,FG - Drating Cream - 50ml,1,08-Nov-25,Cream,2330.51,,36.00%,"1,491.53",268.47,1760,FALSE,,,,,,,,,,,,,,,,
2529,01-Nov-25,G,FG - Clarifying Concentrate - 30ml,1,08-Nov-25,Serum,1652.54,,36.00%,"1,057.63",190.37,1248,FALSE,,,,,,,,,,,,,,,,
2529,01-Nov-25,G,FG - Antioxidant Body Scrub - 200ml,1,08-Nov-25,Body,1991.53,,36.00%,"1,274.58",229.42,1504,FALSE,,,,,,,,,,,,,,,,
2529,01-Nov-25,G,FG - AHA Face Wash - 100ml,1,08-Nov-25,Cleanser,1228.81,,36.00%,786.44,141.56,928,FALSE,,,,,,,,,,,,,,,,
2529,01-Nov-25,G,FG - VitC Body Oil - 100ml,1,08-Nov-25,Body,1144.07,,36.00%,732.2,131.8,864,FALSE,,,,,,,,,,,,,,,,
2530,01-Nov-25,N,FG - Radiance AntiOx Treatment Kit,2,,Kit,10169.49,62.50%,40.00%,"7,627.12",1372.88,9000,TRUE,,,,,,,,,,,,,,,,
2530,01-Nov-25,N,FG - MultiPeptide Ageing Treatment Kit,2,,Kit,10169.49,62.50%,40.00%,"7,627.12",1372.88,9000,TRUE,,,,,,,,,,,,,,,,
2530,01-Nov-25,N,FG - Eye Care Ritual Kit,1,,Kit,10169.49,62.50%,40.00%,"3,813.56",686.44,4500,TRUE,,,,,,,,,,,,,,,,
2531,01-Nov-25,U,FG - Radiance AntiOx Treatment Kit,1,,Kit,10169.49,20.00%,,"5,084.75",915.25,6000,TRUE,,,,,,,,,,,,,,,,
2532,01-Nov-25,7,FG - Nourishing Sleep Oil - 30ml,1,,Oil,2033.9,30.00%,25.00%,"1,423.73",256.27,1680,FALSE,,,,,,,,,,,,,,,,
2532,01-Nov-25,7,FG - AHA Body Wash - 150ml,1,,Body,1398.31,30.00%,25.00%,978.81,176.19,1155,FALSE,,,,,,,,,,,,,,,,
2532,01-Nov-25,7,FG - Antioxidant Body Scrub - 200ml,1,,Body,1991.53,30.00%,25.00%,"1,394.07",250.93,1645,FALSE,,,,,,,,,,,,,,,,
2532,01-Nov-25,7,FG - Sea Salt Body Scrub - 200ml,1,,Body,2245.76,30.00%,25.00%,"1,572.03",282.97,1855,FALSE,,,,,,,,,,,,,,,,
2532,01-Nov-25,7,FG - Marine Clay Mask 200ml,1,,B2B,5338.98,30.00%,25.00%,"3,203.39",576.61,3780,TRUE,,,,,,,,,,,,,,,,
2532,01-Nov-25,7,FG - Nordic Mud Mask 200ml,1,,B2B,6355.93,30.00%,25.00%,"3,813.56",686.44,4500,TRUE,,,,,,,,,,,,,,,,
2532,01-Nov-25,7,FG - VitC Body Oil - 100ml,1,,Body,1144.07,30.00%,25.00%,800.85,144.15,945,FALSE,,,,,,,,,,,,,,,,
2532,01-Nov-25,7,FG - VitB Body Lotion - 100ml,1,,Body,1398.31,30.00%,25.00%,978.81,176.19,1155,FALSE,,,,,,,,,,,,,,,,
2533,01-Nov-25,N,FG - CityLife Dration Treatment Kit,1,,Kit,7627.12,62.50%,40.00%,"3,813.56",686.44,4500,TRUE,,,,,,,,,,,,,,,,
2534,01-Nov-25,X,FG - Glow Body Massage Oil,300,,B2B,236.44,50.00%,50.00%,"35,466.10",6383.9,41850,TRUE,,,,,,,,,,,,,,,,
2534,01-Nov-25,X,FG - Scalp Oil 15ml,250,,B2B,137.14,50.00%,50.00%,"17,142.86",3085.71,20228.57,TRUE,,,,,,,,,,,,,,,,
2535,01-Nov-25,N,FG - Eye Serum - 10ml,4,,Serum,1567.8,62.50%,40.00%,"3,762.71",677.29,4440,FALSE,,,,,,,,,,,,,,,,
2535,01-Nov-25,N,FG - AHA Face Wash - 100ml,2,,Cleanser,1228.81,62.50%,40.00%,"1,474.58",265.42,1740,FALSE,,,,,,,,,,,,,,,,
2535,01-Nov-25,N,FG - VitB Body Lotion - 100ml,1,,Body,1398.31,62.50%,40.00%,838.98,151.02,990,FALSE,,,,,,,,,,,,,,,,
2535,01-Nov-25,N,FG - VitC Body Oil - 100ml,2,,Body,1144.07,62.50%,40.00%,"1,372.88",247.12,1620,FALSE,,,,,,,,,,,,,,,,
2535,01-Nov-25,N,FG - Mineral Drops - 10ml,4,,SPF,542.37,62.50%,40.00%,"1,301.69",234.31,1536,FALSE,,,,,,,,,,,,,,,,
2535,01-Nov-25,N,FG - Radiance AntiOx Treatment Kit,8,,Kit,10169.49,62.50%,40.00%,"30,508.47",5491.53,36000,TRUE,,,,,,,,,,,,,,,,
2535,01-Nov-25,N,FG - MultiPeptide Ageing Treatment Kit,8,,Kit,10169.49,62.50%,40.00%,"30,508.47",5491.53,36000,TRUE,,,,,,,,,,,,,,,,
2535,01-Nov-25,N,FG - Face Scrub - 250ml,0,,B2B,6144.07,62.50%,40.00%,0,0,0,TRUE,,,,,,,,,,,,,,,,
2535,01-Nov-25,N,FG - AHA Body Wash - 150ml,1,,Body,1398.31,62.50%,40.00%,838.98,151.02,990,FALSE,,,,,,,,,,,,,,,,
2536,03-Nov-25,X,FG - Eye Serum - 10ml,10,,Serum,1567.8,50.00%,40.00%,"9,406.78",1693.22,11100,FALSE,,,,,,,,,,,,,,,,
2536,03-Nov-25,X,FG - Copper Peptide Serum - 10ml,10,,Serum,1559.32,50.00%,40.00%,"9,355.93",1684.07,11040,FALSE,,,,,,,,,,,,,,,,
2537,03-Nov-25,4A,FG - AHA Body Wash - 150ml,5,,Body,1398.31,35.00%,20.00%,"4,894.07",880.93,5775,FALSE,,,,,,,,,,,,,,,,
2537,03-Nov-25,4A,FG - VitC Body Oil - 100ml,2,,Body,1144.07,35.00%,20.00%,"1,601.69",288.31,1890,FALSE,,,,,,,,,,,,,,,,
2537,03-Nov-25,4A,FG - Eye Serum - 10ml,2,,Serum,1567.8,35.00%,20.00%,"2,194.92",395.08,2590,FALSE,,,,,,,,,,,,,,,,
2538,03-Nov-25,4B,FG - AHA Face Wash - 100ml,5,,Cleanser,1228.81,35.00%,20.00%,"4,300.85",774.15,5075,FALSE,,,,,,,,,,,,,,,,
2538,03-Nov-25,4B,FG - VitC Body Oil - 100ml,2,,Body,1144.07,35.00%,20.00%,"1,601.69",288.31,1890,FALSE,,,,,,,,,,,,,,,,
2539,03-Nov-25,1A,FG - MultiPeptide Ageing Treatment Kit,3,,Kit,10169.49,45.00%,20.00%,"18,305.08",3294.92,21600,TRUE,,,,,,,,,,,,,,,,
2539,03-Nov-25,1A,FG - Radiance AntiOx Treatment Kit,3,,Kit,10169.49,45.00%,20.00%,"18,305.08",3294.92,21600,TRUE,,,,,,,,,,,,,,,,
2539,03-Nov-25,1A,FG - Clarifying Mineral Treatment Kit,2,,Kit,7627.12,45.00%,20.00%,"9,152.54",1647.46,10800,TRUE,,,,,,,,,,,,,,,,
2539,03-Nov-25,1A,FG - CityLife Dration Treatment Kit,2,,Kit,7627.12,45.00%,20.00%,"9,152.54",1647.46,10800,TRUE,,,,,,,,,,,,,,,,
2539,03-Nov-25,1A,FG - Eye Care Ritual Kit,3,,Kit,10169.49,45.00%,20.00%,"18,305.08",3294.92,21600,TRUE,,,,,,,,,,,,,,,,
2539,03-Nov-25,1A,FG - Mineral Drops - 30ml,5,,SPF,1355.93,45.00%,20.00%,"4,406.78",793.22,5200,FALSE,,,,,,,,,,,,,,,,
2539,03-Nov-25,1A,FG - Longevity Serum - 30ml,3,,Serum,1652.54,45.00%,20.00%,"3,222.46",580.04,3802.5,FALSE,,,,,,,,,,,,,,,,
2540,03-Nov-25,6A,FG - Radiance AntiOx Treatment Kit,1,,Kit,10169.49,40.00%,25.00%,"6,101.69",1098.31,7200,TRUE,,,,,,,,,,,,,,,,
2540,03-Nov-25,6A,FG - MultiPeptide Ageing Treatment Kit,1,,Kit,10169.49,40.00%,25.00%,"6,101.69",1098.31,7200,TRUE,,,,,,,,,,,,,,,,
2540,03-Nov-25,6A,FG - CityLife Dration Treatment Kit,1,,Kit,7627.12,40.00%,25.00%,"4,576.27",823.73,5400,TRUE,,,,,,,,,,,,,,,,
2540,03-Nov-25,6A,FG - Clarifying Mineral Treatment Kit,1,,Kit,7627.12,40.00%,25.00%,"4,576.27",823.73,5400,TRUE,,,,,,,,,,,,,,,,
2540,03-Nov-25,6A,FG - Eye Care Ritual Kit,1,,Kit,10169.49,40.00%,25.00%,"6,101.69",1098.31,7200,TRUE,,,,,,,,,,,,,,,,
2540,03-Nov-25,6A,LED Wand - Beauty Equipment (Small Roller),1,,B2B,2232.14,40.00%,25.00%,"1,339.29",241.07,1580.36,TRUE,,,,,,,,,,,,,,,,
2540,03-Nov-25,6A,FG - Melting Balm Cleanser - 50ml,0,,Cleanser,1016.95,40.00%,25.00%,0,0,0,FALSE,,,,,,,,,,,,,,,,
2540,03-Nov-25,6A,FG - AHA Face Wash - 100ml,2,,Cleanser,1228.81,40.00%,25.00%,"1,843.22",331.78,2175,FALSE,,,,,,,,,,,,,,,,
2540,03-Nov-25,6A,FG - Milky Mineral Sunscreen - 40ml,2,,SPF,2372.88,40.00%,25.00%,"3,559.32",640.68,4200,FALSE,,,,,,,,,,,,,,,,
2541,04-Nov-25,6B,FG - Correcting Concentrate - 10ml,3,,Serum,1220.34,40.00%,25.00%,"2,548.07",458.65,3006.72,FALSE,,,,,,,,,,,,,,,,
2541,04-Nov-25,6B,FG - Melting Balm Cleanser - 50ml,3,,Cleanser,1016.95,40.00%,25.00%,"2,123.39",382.21,2505.6,FALSE,,,,,,,,,,,,,,,,
2541,04-Nov-25,6B,FG - Mineral Drops - 10ml,9,,SPF,542.37,40.00%,25.00%,"3,397.42",611.54,4008.96,FALSE,,,,,,,,,,,,,,,,
2541,04-Nov-25,6B,FG - Skin Perfecting Serum - 10ml,3,,Serum,830.51,40.00%,25.00%,"1,734.10",312.14,2046.24,FALSE,,,,,,,,,,,,,,,,
2542,17-Nov-25,F,FG - AHA Face Wash - 100ml,1,18-Nov-25,Cleanser,1228.81,,36.00%,786.44,141.56,928,FALSE,,,,,,,,,,,,,,,,
2542,17-Nov-25,F,FG - AHA Power Peel - 50ml,1,18-Nov-25,Masks & Exfoliators,1864.41,,36.00%,"1,193.22",214.78,1408,FALSE,,,,,,,,,,,,,,,,
2542,17-Nov-25,F,FG - Correcting Concentrate - 30ml,1,18-Nov-25,Serum,3050.85,,36.00%,"1,952.54",351.46,2304,FALSE,,,,,,,,,,,,,,,,
2542,17-Nov-25,F,FG - Bio-Retinol Cream - 30ml,1,18-Nov-25,Cream,2415.25,,36.00%,"1,545.76",278.24,1824,FALSE,,,,,,,,,,,,,,,,
2542,17-Nov-25,F,FG - Antioxidant Body Scrub - 200ml,1,18-Nov-25,Body,1991.53,,36.00%,"1,274.58",229.42,1504,FALSE,,,,,,,,,,,,,,,,
2542,17-Nov-25,F,FG - Skin Perfecting Serum - 10ml,1,18-Nov-25,Serum,830.51,,36.00%,531.53,95.67,627.2,FALSE,,,,,,,,,,,,,,,,
2542,17-Nov-25,F,FG - Copper Peptide Serum - 30ml,2,18-Nov-25,Serum,3898.31,,36.00%,"4,989.83",898.17,5888,FALSE,,,,,,,,,,,,,,,,
2542,17-Nov-25,F,FG - Melting Balm Cleanser - 50ml,3,18-Nov-25,Cleanser,1016.95,,36.00%,"1,952.54",351.46,2304,FALSE,,,,,,,,,,,,,,,,
2542,17-Nov-25,F,FG - Copper Peptide Serum - 10ml,4,18-Nov-25,Serum,1559.32,,36.00%,"3,991.86",718.54,4710.4,FALSE,,,,,,,,,,,,,,,,
2542,17-Nov-25,F,FG - VitC Body Oil - 100ml,8,18-Nov-25,Body,1144.07,,36.00%,"5,857.63",1054.37,6912,FALSE,,,,,,,,,,,,,,,,
2542,17-Nov-25,F,FG - Eye Serum - 10ml,30,18-Nov-25,Serum,1567.8,,36.00%,"30,101.69",5418.31,35520,FALSE,,,,,,,,,,,,,,,,
2543,08-Nov-25,B,FG - AHA Face Wash - 100ml,1,22-Nov-25,Cleanser,1228.81,,36.00%,786.44,141.56,928,FALSE,,,,,,,,,,,,,,,,
2543,08-Nov-25,B,FG - AHA Power Peel - 50ml,1,22-Nov-25,Masks & Exfoliators,1864.41,,36.00%,"1,193.22",214.78,1408,FALSE,,,,,,,,,,,,,,,,
2543,08-Nov-25,B,FG - Correcting Concentrate - 30ml,1,22-Nov-25,Serum,3050.85,,36.00%,"1,952.54",351.46,2304,FALSE,,,,,,,,,,,,,,,,
2543,08-Nov-25,B,FG - Bio-Retinol Cream - 30ml,1,22-Nov-25,Cream,2415.25,,36.00%,"1,545.76",278.24,1824,FALSE,,,,,,,,,,,,,,,,
2543,08-Nov-25,B,FG - Antioxidant Body Scrub - 200ml,1,22-Nov-25,Body,1991.53,,36.00%,"1,274.58",229.42,1504,FALSE,,,,,,,,,,,,,,,,
2543,08-Nov-25,B,FG - Skin Perfecting Serum - 10ml,1,22-Nov-25,Serum,830.51,,36.00%,531.53,95.67,627.2,FALSE,,,,,,,,,,,,,,,,
2543,08-Nov-25,B,FG - Sea Salt Body Scrub - 200ml,1,22-Nov-25,Body,2245.76,,36.00%,"1,437.29",258.71,1696,FALSE,,,,,,,,,,,,,,,,
2543,08-Nov-25,B,FG - Copper Peptide Serum - 30ml,3,22-Nov-25,Serum,3898.31,,36.00%,"7,484.75",1347.25,8832,FALSE,,,,,,,,,,,,,,,,
2543,08-Nov-25,B,FG - Melting Balm Cleanser - 50ml,4,22-Nov-25,Cleanser,1016.95,,36.00%,"2,603.39",468.61,3072,FALSE,,,,,,,,,,,,,,,,
2543,08-Nov-25,B,FG - Copper Peptide Serum - 10ml,5,22-Nov-25,Serum,1559.32,,36.00%,"4,989.83",898.17,5888,FALSE,,,,,,,,,,,,,,,,
2543,08-Nov-25,B,FG - VitC Body Oil - 100ml,10,22-Nov-25,Body,1144.07,,36.00%,"7,322.03",1317.97,8640,FALSE,,,,,,,,,,,,,,,,
2543,08-Nov-25,B,FG - Eye Serum - 10ml,40,22-Nov-25,Serum,1567.8,,36.00%,"40,135.59",7224.41,47360,FALSE,,,,,,,,,,,,,,,,
2544,10-Nov-25,K,FG - AHA Power Peel - 50ml,1,20-Nov-25,Masks & Exfoliators,1864.41,,36.00%,"1,193.22",214.78,1408,FALSE,,,,,,,,,,,,,,,,
2544,10-Nov-25,K,FG - Correcting Concentrate - 30ml,1,20-Nov-25,Serum,3050.85,,36.00%,"1,952.54",351.46,2304,FALSE,,,,,,,,,,,,,,,,
2544,10-Nov-25,K,FG - Antioxidant Body Scrub - 200ml,1,20-Nov-25,Body,1991.53,,36.00%,"1,274.58",229.42,1504,FALSE,,,,,,,,,,,,,,,,
2544,10-Nov-25,K,FG - Clarifying Concentrate - 10ml,1,20-Nov-25,Serum,661.02,,36.00%,423.05,76.15,499.2,FALSE,,,,,,,,,,,,,,,,
2544,10-Nov-25,K,FG - Skin Perfecting Serum - 10ml,1,20-Nov-25,Serum,830.51,,36.00%,531.53,95.67,627.2,FALSE,,,,,,,,,,,,,,,,
2544,10-Nov-25,K,FG - Sea Salt Body Scrub - 200ml,1,20-Nov-25,Body,2245.76,,36.00%,"1,437.29",258.71,1696,FALSE,,,,,,,,,,,,,,,,
2544,10-Nov-25,K,FG - AHA Face Wash - 100ml,2,20-Nov-25,Cleanser,1228.81,,36.00%,"1,572.88",283.12,1856,FALSE,,,,,,,,,,,,,,,,
2544,10-Nov-25,K,FG - Bio-Retinol Cream - 30ml,2,20-Nov-25,Cream,2415.25,,36.00%,"3,091.53",556.47,3648,FALSE,,,,,,,,,,,,,,,,
2544,10-Nov-25,K,FG - Copper Peptide Serum - 30ml,5,20-Nov-25,Serum,3898.31,,36.00%,"12,474.58",2245.42,14720,FALSE,,,,,,,,,,,,,,,,
2544,10-Nov-25,K,FG - Melting Balm Cleanser - 50ml,6,20-Nov-25,Cleanser,1016.95,,36.00%,"3,905.08",702.92,4608,FALSE,,,,,,,,,,,,,,,,
2544,10-Nov-25,K,FG - Copper Peptide Serum - 10ml,7,20-Nov-25,Serum,1559.32,,36.00%,"6,985.76",1257.44,8243.2,FALSE,,,,,,,,,,,,,,,,
2544,10-Nov-25,K,FG - VitC Body Oil - 100ml,14,20-Nov-25,Body,1144.07,,36.00%,"10,250.85",1845.15,12096,FALSE,,,,,,,,,,,,,,,,
2544,10-Nov-25,K,FG - Eye Serum - 10ml,56,20-Nov-25,Serum,1567.8,,36.00%,"56,189.83",10114.17,66304,FALSE,,,,,,,,,,,,,,,,
2545,11-Nov-25,E,FG - AHA Face Wash - 100ml,1,18-Nov-25,Cleanser,1228.81,,36.00%,786.44,141.56,928,FALSE,,,,,,,,,,,,,,,,
2545,11-Nov-25,E,FG - AHA Power Peel - 50ml,1,18-Nov-25,Masks & Exfoliators,1864.41,,36.00%,"1,193.22",214.78,1408,FALSE,,,,,,,,,,,,,,,,
2545,11-Nov-25,E,FG - Correcting Concentrate - 30ml,1,18-Nov-25,Serum,3050.85,,36.00%,"1,952.54",351.46,2304,FALSE,,,,,,,,,,,,,,,,
2545,11-Nov-25,E,FG - Bio-Retinol Cream - 30ml,1,18-Nov-25,Cream,2415.25,,36.00%,"1,545.76",278.24,1824,FALSE,,,,,,,,,,,,,,,,
2545,11-Nov-25,E,FG - Antioxidant Body Scrub - 200ml,1,18-Nov-25,Body,1991.53,,36.00%,"1,274.58",229.42,1504,FALSE,,,,,,,,,,,,,,,,
2545,11-Nov-25,E,FG - Skin Perfecting Serum - 10ml,1,18-Nov-25,Serum,830.51,,36.00%,531.53,95.67,627.2,FALSE,,,,,,,,,,,,,,,,
2545,11-Nov-25,E,FG - Melting Balm Cleanser - 50ml,3,18-Nov-25,Cleanser,1016.95,,36.00%,"1,952.54",351.46,2304,FALSE,,,,,,,,,,,,,,,,
2545,11-Nov-25,E,FG - Copper Peptide Serum - 30ml,3,18-Nov-25,Serum,3898.31,,36.00%,"7,484.75",1347.25,8832,FALSE,,,,,,,,,,,,,,,,
2545,11-Nov-25,E,FG - Copper Peptide Serum - 10ml,4,18-Nov-25,Serum,1559.32,,36.00%,"3,991.86",718.54,4710.4,FALSE,,,,,,,,,,,,,,,,
2545,11-Nov-25,E,FG - VitC Body Oil - 100ml,9,18-Nov-25,Body,1144.07,,36.00%,"6,589.83",1186.17,7776,FALSE,,,,,,,,,,,,,,,,
2545,11-Nov-25,E,FG - Eye Serum - 10ml,35,18-Nov-25,Serum,1567.8,,36.00%,"35,118.64",6321.36,41440,FALSE,,,,,,,,,,,,,,,,
2546,04-Nov-25,N,FG - AHA Face Wash - 100ml,4,,Cleanser,1228.81,62.50%,40.00%,"2,949.15",530.85,3480,FALSE,,,,,,,,,,,,,,,,
2546,04-Nov-25,N,FG - Longevity Serum - 10ml,4,,Serum,661.02,62.50%,40.00%,"1,586.44",285.56,1872,FALSE,,,,,,,,,,,,,,,,
2546,04-Nov-25,N,FG - Cream Cleanser - 100ml,2,,Cleanser,1483.05,62.50%,40.00%,"1,779.66",320.34,2100,FALSE,,,,,,,,,,,,,,,,
2547,04-Nov-25,N,FG - Night Repair Cream- 30ml,4,,Cream,2245.76,62.50%,40.00%,"5,389.83",970.17,6360,FALSE,,,,,,,,,,,,,,,,
2547,04-Nov-25,N,FG - Bio-Retinol Cream - 30ml,1,,Cream,2415.25,62.50%,40.00%,"1,449.15",260.85,1710,FALSE,,,,,,,,,,,,,,,,
2547,04-Nov-25,N,FG - Soothing Cream - 50ml,3,,Cream,1864.41,62.50%,40.00%,"3,355.93",604.07,3960,FALSE,,,,,,,,,,,,,,,,
2547,04-Nov-25,N,FG - Correcting Concentrate - 10ml,5,,Serum,1220.34,62.50%,40.00%,"3,661.02",658.98,4320,FALSE,,,,,,,,,,,,,,,,
2547,04-Nov-25,N,FG - AHA Body Wash - 150ml,3,,Body,1398.31,62.50%,40.00%,"2,516.95",453.05,2970,FALSE,,,,,,,,,,,,,,,,
2547,04-Nov-25,N,FG - VitB Body Lotion - 100ml,4,,Body,1398.31,62.50%,40.00%,"3,355.93",604.07,3960,FALSE,,,,,,,,,,,,,,,,
2547,04-Nov-25,N,FG - VitC Body Oil - 100ml,5,,Body,1144.07,62.50%,40.00%,"3,432.20",617.8,4050,FALSE,,,,,,,,,,,,,,,,
2547,04-Nov-25,N,FG - Copper Peptide Serum - 10ml,4,,Serum,1559.32,62.50%,40.00%,"3,742.37",673.63,4416,FALSE,,,,,,,,,,,,,,,,
2547,04-Nov-25,N,FG - Radiance Face Oil - 10ml,4,,Oil,1228.81,62.50%,40.00%,"2,949.15",530.85,3480,FALSE,,,,,,,,,,,,,,,,
2548,11-Nov-25,L,FG - AHA Face Wash - 100ml,1,19-Nov-25,Cleanser,1228.81,,36.00%,786.44,141.56,928,FALSE,,,,,,,,,,,,,,,,
2548,11-Nov-25,L,FG - AHA Power Peel - 50ml,1,19-Nov-25,Masks & Exfoliators,1864.41,,36.00%,"1,193.22",214.78,1408,FALSE,,,,,,,,,,,,,,,,
2548,11-Nov-25,L,FG - Correcting Concentrate - 30ml,1,19-Nov-25,Serum,3050.85,,36.00%,"1,952.54",351.46,2304,FALSE,,,,,,,,,,,,,,,,
2548,11-Nov-25,L,FG - Bio-Retinol Cream - 30ml,1,19-Nov-25,Cream,2415.25,,36.00%,"1,545.76",278.24,1824,FALSE,,,,,,,,,,,,,,,,
2548,11-Nov-25,L,FG - Antioxidant Body Scrub - 200ml,1,19-Nov-25,Body,1991.53,,36.00%,"1,274.58",229.42,1504,FALSE,,,,,,,,,,,,,,,,
2548,11-Nov-25,L,FG - Skin Perfecting Serum - 10ml,1,19-Nov-25,Serum,830.51,,36.00%,531.53,95.67,627.2,FALSE,,,,,,,,,,,,,,,,
2548,11-Nov-25,L,FG - Melting Balm Cleanser - 50ml,3,19-Nov-25,Cleanser,1016.95,,36.00%,"1,952.54",351.46,2304,FALSE,,,,,,,,,,,,,,,,
2548,11-Nov-25,L,FG - Copper Peptide Serum - 30ml,3,19-Nov-25,Serum,3898.31,,36.00%,"7,484.75",1347.25,8832,FALSE,,,,,,,,,,,,,,,,
2548,11-Nov-25,L,FG - Copper Peptide Serum - 10ml,4,19-Nov-25,Serum,1559.32,,36.00%,"3,991.86",718.54,4710.4,FALSE,,,,,,,,,,,,,,,,
2548,11-Nov-25,L,FG - VitC Body Oil - 100ml,8,19-Nov-25,Body,1144.07,,36.00%,"5,857.63",1054.37,6912,FALSE,,,,,,,,,,,,,,,,
2548,11-Nov-25,L,FG - Eye Serum - 10ml,34,19-Nov-25,Serum,1567.8,,36.00%,"34,115.25",6140.75,40256,FALSE,,,,,,,,,,,,,,,,
2549,11-Nov-25,J,FG - AHA Face Wash - 100ml,1,17-Nov-25,Cleanser,1228.81,,36.00%,786.44,141.56,928,FALSE,,,,,,,,,,,,,,,,
2549,11-Nov-25,J,FG - Bio-Retinol Cream - 30ml,1,17-Nov-25,Cream,2415.25,,36.00%,"1,545.76",278.24,1824,FALSE,,,,,,,,,,,,,,,,
2549,11-Nov-25,J,FG - Antioxidant Body Scrub - 200ml,1,17-Nov-25,Body,1991.53,,36.00%,"1,274.58",229.42,1504,FALSE,,,,,,,,,,,,,,,,
2549,11-Nov-25,J,FG - Melting Balm Cleanser - 50ml,2,17-Nov-25,Cleanser,1016.95,,36.00%,"1,301.69",234.31,1536,FALSE,,,,,,,,,,,,,,,,
2549,11-Nov-25,J,FG - Copper Peptide Serum - 30ml,2,17-Nov-25,Serum,3898.31,,36.00%,"4,989.83",898.17,5888,FALSE,,,,,,,,,,,,,,,,
2549,11-Nov-25,J,FG - Copper Peptide Serum - 10ml,2,17-Nov-25,Serum,1559.32,,36.00%,"1,995.93",359.27,2355.2,FALSE,,,,,,,,,,,,,,,,
2549,11-Nov-25,J,FG - VitC Body Oil - 100ml,5,17-Nov-25,Body,1144.07,,36.00%,"3,661.02",658.98,4320,FALSE,,,,,,,,,,,,,,,,
2549,11-Nov-25,J,FG - Eye Serum - 10ml,20,17-Nov-25,Serum,1567.8,,36.00%,"20,067.80",3612.2,23680,FALSE,,,,,,,,,,,,,,,,
2550,12-Nov-25,G,FG - AHA Face Wash - 100ml,1,18-Nov-25,Cleanser,1228.81,,36.00%,786.44,141.56,928,FALSE,,,,,,,,,,,,,,,,
2550,12-Nov-25,G,FG - AHA Power Peel - 50ml,1,18-Nov-25,Masks & Exfoliators,1864.41,,36.00%,"1,193.22",214.78,1408,FALSE,,,,,,,,,,,,,,,,
2550,12-Nov-25,G,FG - Correcting Concentrate - 30ml,1,18-Nov-25,Serum,3050.85,,36.00%,"1,952.54",351.46,2304,FALSE,,,,,,,,,,,,,,,,
2550,12-Nov-25,G,FG - Bio-Retinol Cream - 30ml,1,18-Nov-25,Cream,2415.25,,36.00%,"1,545.76",278.24,1824,FALSE,,,,,,,,,,,,,,,,
2550,12-Nov-25,G,FG - Antioxidant Body Scrub - 200ml,1,18-Nov-25,Body,1991.53,,36.00%,"1,274.58",229.42,1504,FALSE,,,,,,,,,,,,,,,,
2550,12-Nov-25,G,FG - Skin Perfecting Serum - 10ml,1,18-Nov-25,Serum,830.51,,36.00%,531.53,95.67,627.2,FALSE,,,,,,,,,,,,,,,,
2550,12-Nov-25,G,FG - Copper Peptide Serum - 30ml,2,18-Nov-25,Serum,3898.31,,36.00%,"4,989.83",898.17,5888,FALSE,,,,,,,,,,,,,,,,
2550,12-Nov-25,G,FG - Melting Balm Cleanser - 50ml,3,18-Nov-25,Cleanser,1016.95,,36.00%,"1,952.54",351.46,2304,FALSE,,,,,,,,,,,,,,,,
2550,12-Nov-25,G,FG - Copper Peptide Serum - 10ml,4,18-Nov-25,Serum,1559.32,,36.00%,"3,991.86",718.54,4710.4,FALSE,,,,,,,,,,,,,,,,
2550,12-Nov-25,G,FG - VitC Body Oil - 100ml,8,18-Nov-25,Body,1144.07,,36.00%,"5,857.63",1054.37,6912,FALSE,,,,,,,,,,,,,,,,
2550,12-Nov-25,G,FG - Eye Serum - 10ml,30,18-Nov-25,Serum,1567.8,,36.00%,"30,101.69",5418.31,35520,FALSE,,,,,,,,,,,,,,,,
2551,12-Nov-25,I,FG - AHA Face Wash - 100ml,1,18-Nov-25,Cleanser,1228.81,,36.00%,786.44,141.56,928,FALSE,,,,,,,,,,,,,,,,
2551,12-Nov-25,I,FG - AHA Power Peel - 50ml,1,18-Nov-25,Masks & Exfoliators,1864.41,,36.00%,"1,193.22",214.78,1408,FALSE,,,,,,,,,,,,,,,,
2551,12-Nov-25,I,FG - Correcting Concentrate - 30ml,1,18-Nov-25,Serum,3050.85,,36.00%,"1,952.54",351.46,2304,FALSE,,,,,,,,,,,,,,,,
2551,12-Nov-25,I,FG - Bio-Retinol Cream - 30ml,1,18-Nov-25,Cream,2415.25,,36.00%,"1,545.76",278.24,1824,FALSE,,,,,,,,,,,,,,,,
2551,12-Nov-25,I,FG - Antioxidant Body Scrub - 200ml,1,18-Nov-25,Body,1991.53,,36.00%,"1,274.58",229.42,1504,FALSE,,,,,,,,,,,,,,,,
2551,12-Nov-25,I,FG - Skin Perfecting Serum - 10ml,1,18-Nov-25,Serum,830.51,,36.00%,531.53,95.67,627.2,FALSE,,,,,,,,,,,,,,,,
2551,12-Nov-25,I,FG - Copper Peptide Serum - 30ml,2,18-Nov-25,Serum,3898.31,,36.00%,"4,989.83",898.17,5888,FALSE,,,,,,,,,,,,,,,,
2551,12-Nov-25,I,FG - Melting Balm Cleanser - 50ml,3,18-Nov-25,Cleanser,1016.95,,36.00%,"1,952.54",351.46,2304,FALSE,,,,,,,,,,,,,,,,
2551,12-Nov-25,I,FG - Copper Peptide Serum - 10ml,4,18-Nov-25,Serum,1559.32,,36.00%,"3,991.86",718.54,4710.4,FALSE,,,,,,,,,,,,,,,,
2551,12-Nov-25,I,FG - VitC Body Oil - 100ml,8,18-Nov-25,Body,1144.07,,36.00%,"5,857.63",1054.37,6912,FALSE,,,,,,,,,,,,,,,,
2551,12-Nov-25,I,FG - Eye Serum - 10ml,30,18-Nov-25,Serum,1567.8,,36.00%,"30,101.69",5418.31,35520,FALSE,,,,,,,,,,,,,,,,
2552,13-Nov-25,G,FG - Copper Peptide Serum - 30ml,1,19-Nov-25,Serum,3898.31,,36.00%,"2,494.92",449.08,2944,FALSE,,,,,,,,,,,,,,,,
2552,13-Nov-25,G,FG - Bio-Retinol Cream - 30ml,1,19-Nov-25,Cream,2415.25,,36.00%,"1,545.76",278.24,1824,FALSE,,,,,,,,,,,,,,,,
2552,13-Nov-25,G,FG - Nourishing Sleep Oil - 30ml,1,19-Nov-25,Oil,2033.9,,36.00%,"1,301.69",234.31,1536,FALSE,,,,,,,,,,,,,,,,
2552,13-Nov-25,G,FG - Skin Perfecting Serum - 10ml,1,19-Nov-25,Serum,830.51,,36.00%,531.53,95.67,627.2,FALSE,,,,,,,,,,,,,,,,
2552,13-Nov-25,G,FG - Antioxidant Body Scrub - 200ml,1,19-Nov-25,Body,1991.53,,36.00%,"1,274.58",229.42,1504,FALSE,,,,,,,,,,,,,,,,
2552,13-Nov-25,G,FG - Melting Balm Cleanser - 50ml,2,19-Nov-25,Cleanser,1016.95,,36.00%,"1,301.69",234.31,1536,FALSE,,,,,,,,,,,,,,,,
2552,13-Nov-25,G,FG - Copper Peptide Serum - 10ml,2,19-Nov-25,Serum,1559.32,,36.00%,"1,995.93",359.27,2355.2,FALSE,,,,,,,,,,,,,,,,
2552,13-Nov-25,G,FG - Drating Cream - 50ml,2,19-Nov-25,Cream,2330.51,,36.00%,"2,983.05",536.95,3520,FALSE,,,,,,,,,,,,,,,,
2552,13-Nov-25,G,FG - Clarifying Concentrate - 10ml,3,19-Nov-25,Serum,661.02,,36.00%,"1,269.15",228.45,1497.6,FALSE,,,,,,,,,,,,,,,,
2552,13-Nov-25,G,FG - Sea Salt Body Scrub - 200ml,3,19-Nov-25,Body,2245.76,,36.00%,"4,311.86",776.14,5088,FALSE,,,,,,,,,,,,,,,,
2552,13-Nov-25,G,FG - VitC Body Oil - 100ml,4,19-Nov-25,Body,1144.07,,36.00%,"2,928.81",527.19,3456,FALSE,,,,,,,,,,,,,,,,
2552,13-Nov-25,G,FG - Eye Serum - 10ml,15,19-Nov-25,Serum,1567.8,,36.00%,"15,050.85",2709.15,17760,FALSE,,,,,,,,,,,,,,,,
2553,15-Nov-25,H,FG - AHA Face Wash - 100ml,1,21-Nov-25,Cleanser,1228.81,,36.00%,786.44,141.56,928,FALSE,,,,,,,,,,,,,,,,
2553,15-Nov-25,H,FG - Copper Peptide Serum - 30ml,1,21-Nov-25,Serum,3898.31,,36.00%,"2,494.92",449.08,2944,FALSE,,,,,,,,,,,,,,,,
2553,15-Nov-25,H,FG - Bio-Retinol Cream - 30ml,1,21-Nov-25,Cream,2415.25,,36.00%,"1,545.76",278.24,1824,FALSE,,,,,,,,,,,,,,,,
2553,15-Nov-25,H,FG - Melting Balm Cleanser - 50ml,2,21-Nov-25,Cleanser,1016.95,,36.00%,"1,301.69",234.31,1536,FALSE,,,,,,,,,,,,,,,,
2553,15-Nov-25,H,FG - Copper Peptide Serum - 10ml,2,21-Nov-25,Serum,1559.32,,36.00%,"1,995.93",359.27,2355.2,FALSE,,,,,,,,,,,,,,,,
2553,15-Nov-25,H,FG - VitC Body Oil - 100ml,4,21-Nov-25,Body,1144.07,,36.00%,"2,928.81",527.19,3456,FALSE,,,,,,,,,,,,,,,,
2553,15-Nov-25,H,FG - Eye Serum - 10ml,17,21-Nov-25,Serum,1567.8,,36.00%,"17,057.63",3070.37,20128,FALSE,,,,,,,,,,,,,,,,
2554,15-Nov-25,M,FG - AHA Face Wash - 100ml,1,25-Nov-25,Cleanser,1228.81,,36.00%,786.44,141.56,928,FALSE,,,,,,,,,,,,,,,,
2554,15-Nov-25,M,FG - Copper Peptide Serum - 30ml,1,25-Nov-25,Serum,3898.31,,36.00%,"2,494.92",449.08,2944,FALSE,,,,,,,,,,,,,,,,
2554,15-Nov-25,M,FG - Bio-Retinol Cream - 30ml,1,25-Nov-25,Cream,2415.25,,36.00%,"1,545.76",278.24,1824,FALSE,,,,,,,,,,,,,,,,
2554,15-Nov-25,M,FG - Melting Balm Cleanser - 50ml,2,25-Nov-25,Cleanser,1016.95,,36.00%,"1,301.69",234.31,1536,FALSE,,,,,,,,,,,,,,,,
2554,15-Nov-25,M,FG - Copper Peptide Serum - 10ml,2,25-Nov-25,Serum,1559.32,,36.00%,"1,995.93",359.27,2355.2,FALSE,,,,,,,,,,,,,,,,
2554,15-Nov-25,M,FG - VitC Body Oil - 100ml,4,25-Nov-25,Body,1144.07,,36.00%,"2,928.81",527.19,3456,FALSE,,,,,,,,,,,,,,,,
2554,15-Nov-25,M,FG - Eye Serum - 10ml,16,25-Nov-25,Serum,1567.8,,36.00%,"16,054.24",2889.76,18944,FALSE,,,,,,,,,,,,,,,,
2555,04-Nov-25,N1,FG - AHA Face Wash - 100ml,1,,Cleanser,1228.81,62.50%,40.00%,737.29,132.71,870,FALSE,,,,,,,,,,,,,,,,
2555,04-Nov-25,N1,FG - Copper Peptide Serum - 10ml,1,,Serum,1559.32,62.50%,40.00%,935.59,168.41,1104,FALSE,,,,,,,,,,,,,,,,
2555,04-Nov-25,N1,FG - Eye Serum - 10ml,1,,Serum,1567.8,62.50%,40.00%,940.68,169.32,1110,FALSE,,,,,,,,,,,,,,,,
2555,04-Nov-25,N1,FG - Mineral Drops - 10ml,1,,SPF,542.37,62.50%,40.00%,325.42,58.58,384,FALSE,,,,,,,,,,,,,,,,
2555,04-Nov-25,N1,FG - Night Repair Cream- 30ml,2,,Cream,2245.76,62.50%,40.00%,"2,694.92",485.08,3180,FALSE,,,,,,,,,,,,,,,,
2555,04-Nov-25,N1,FG - Overnight Peel - 30ml,1,,Serum,2118.64,62.50%,40.00%,"1,271.19",228.81,1500,FALSE,,,,,,,,,,,,,,,,
2556,04-Nov-25,N2,FG - Copper Peptide Serum - 10ml,5,,Serum,1559.32,62.50%,40.00%,"4,677.97",842.03,5520,FALSE,,,,,,,,,,,,,,,,
2556,04-Nov-25,N2,FG - Copper Peptide Serum - 30ml,3,,Serum,3898.31,62.50%,40.00%,"7,016.95",1263.05,8280,FALSE,,,,,,,,,,,,,,,,
2556,04-Nov-25,N2,FG - Eye Serum - 10ml,4,,Serum,1567.8,62.50%,40.00%,"3,762.71",677.29,4440,FALSE,,,,,,,,,,,,,,,,
2556,04-Nov-25,N2,FG - Mineral Drops - 10ml,1,,SPF,542.37,62.50%,40.00%,325.42,58.58,384,FALSE,,,,,,,,,,,,,,,,
2556,04-Nov-25,N2,FG - Mineral Drops - 30ml,1,,SPF,1355.93,62.50%,40.00%,813.56,146.44,960,FALSE,,,,,,,,,,,,,,,,
2556,04-Nov-25,N2,FG - Night Repair Cream- 30ml,3,,Cream,2245.76,62.50%,40.00%,"4,042.37",727.63,4770,FALSE,,,,,,,,,,,,,,,,
2556,04-Nov-25,N2,FG - Radiance Face Oil - 10ml,1,,Oil,1228.81,62.50%,40.00%,737.29,132.71,870,FALSE,,,,,,,,,,,,,,,,
2557,04-Nov-25,N3,FG - AHA Face Wash - 100ml,4,,Cleanser,1228.81,62.50%,40.00%,"2,949.15",530.85,3480,FALSE,,,,,,,,,,,,,,,,
2557,04-Nov-25,N3,FG - Bio-Retinol Cream - 30ml,1,,Cream,2415.25,62.50%,40.00%,"1,449.15",260.85,1710,FALSE,,,,,,,,,,,,,,,,
2557,04-Nov-25,N3,FG - Eye Serum - 10ml,5,,Serum,1567.8,62.50%,40.00%,"4,703.39",846.61,5550,FALSE,,,,,,,,,,,,,,,,
2557,04-Nov-25,N3,FG - Mineral Drops - 10ml,1,,SPF,542.37,62.50%,40.00%,325.42,58.58,384,FALSE,,,,,,,,,,,,,,,,
2557,04-Nov-25,N3,FG - Radiance Face Oil - 10ml,2,,Oil,1228.81,62.50%,40.00%,"1,474.58",265.42,1740,FALSE,,,,,,,,,,,,,,,,
2558,04-Nov-25,N4,FG - Clarifying Concentrate - 30ml,2,,Serum,1652.54,62.50%,40.00%,"1,983.05",356.95,2340,FALSE,,,,,,,,,,,,,,,,
2558,04-Nov-25,N4,FG - Correcting Concentrate - 10ml,1,,Serum,1220.34,62.50%,40.00%,732.2,131.8,864,FALSE,,,,,,,,,,,,,,,,
2558,04-Nov-25,N4,FG - Longevity Serum - 10ml,2,,Serum,661.02,62.50%,40.00%,793.22,142.78,936,FALSE,,,,,,,,,,,,,,,,
2558,04-Nov-25,N4,FG - Mineral Drops - 10ml,3,,SPF,542.37,62.50%,40.00%,976.27,175.73,1152,FALSE,,,,,,,,,,,,,,,,
2558,04-Nov-25,N4,FG - Sea Salt Body Scrub - 200ml,2,,Body,2245.76,62.50%,40.00%,"2,694.92",485.08,3180,FALSE,,,,,,,,,,,,,,,,
2558,04-Nov-25,N4,FG - VitC Body Oil - 100ml,2,,Body,1144.07,62.50%,40.00%,"1,372.88",247.12,1620,FALSE,,,,,,,,,,,,,,,,
2559,04-Nov-25,N Warehouse,FG - AHA Face Wash - 100ml,9,,Cleanser,1228.81,62.50%,40.00%,"6,635.59",1194.41,7830,FALSE,,,,,,,,,,,,,,,,
2559,04-Nov-25,N Warehouse,FG - Copper Peptide Serum - 10ml,3,,Serum,1559.32,62.50%,40.00%,"2,806.78",505.22,3312,FALSE,,,,,,,,,,,,,,,,
2559,04-Nov-25,N Warehouse,FG - Correcting Concentrate - 10ml,10,,Serum,1220.34,62.50%,40.00%,"7,322.03",1317.97,8640,FALSE,,,,,,,,,,,,,,,,
2559,04-Nov-25,N Warehouse,FG - Eye Serum - 10ml,19,,Serum,1567.8,62.50%,40.00%,"17,872.88",3217.12,21090,FALSE,,,,,,,,,,,,,,,,
2559,04-Nov-25,N Warehouse,FG - Melting Balm Cleanser - 50ml,4,,Cleanser,1016.95,62.50%,40.00%,"2,440.68",439.32,2880,FALSE,,,,,,,,,,,,,,,,
2559,04-Nov-25,N Warehouse,FG - Mineral Drops - 10ml,11,,SPF,542.37,62.50%,40.00%,"3,579.66",644.34,4224,FALSE,,,,,,,,,,,,,,,,
2559,04-Nov-25,N Warehouse,FG - Mineral Drops - 30ml,10,,SPF,1355.93,62.50%,40.00%,"8,135.59",1464.41,9600,FALSE,,,,,,,,,,,,,,,,
2559,04-Nov-25,N Warehouse,FG - Night Repair Cream- 30ml,4,,Cream,2245.76,62.50%,40.00%,"5,389.83",970.17,6360,FALSE,,,,,,,,,,,,,,,,
2559,04-Nov-25,N Warehouse,FG - Sea Salt Body Scrub - 200ml,2,,Body,2245.76,62.50%,40.00%,"2,694.92",485.08,3180,FALSE,,,,,,,,,,,,,,,,
2559,04-Nov-25,N Warehouse,FG - VitB Body Lotion - 100ml,2,,Body,1398.31,62.50%,40.00%,"1,677.97",302.03,1980,FALSE,,,,,,,,,,,,,,,,
2559,04-Nov-25,N Warehouse,FG - VitC Body Oil - 100ml,16,,Body,1144.07,62.50%,40.00%,"10,983.05",1976.95,12960,FALSE,,,,,,,,,,,,,,,,
2559,04-Nov-25,N Warehouse,FG - Clarifying Concentrate - 30ml,2,,Serum,1652.54,62.50%,40.00%,"1,983.05",356.95,2340,FALSE,,,,,,,,,,,,,,,,
2559,04-Nov-25,N Warehouse,FG - Radiance Face Oil - 30ml,1,,Oil,3008.47,62.50%,40.00%,"1,805.08",324.92,2130,FALSE,,,,,,,,,,,,,,,,
2560,04-Nov-25,N5,FG - AHA Face Wash - 100ml,4,,Cleanser,1228.81,62.50%,40.00%,"2,949.15",530.85,3480,FALSE,,,,,,,,,,,,,,,,
2560,04-Nov-25,N5,FG - Eye Serum - 10ml,3,,Serum,1567.8,62.50%,40.00%,"2,822.03",507.97,3330,FALSE,,,,,,,,,,,,,,,,
2560,04-Nov-25,N5,FG - Longevity Serum - 10ml,5,,Serum,661.02,62.50%,40.00%,"1,983.05",356.95,2340,FALSE,,,,,,,,,,,,,,,,
2560,04-Nov-25,N5,FG - VitC Body Oil - 100ml,6,,Body,1144.07,62.50%,40.00%,"4,118.64",741.36,4860,FALSE,,,,,,,,,,,,,,,,
2560,04-Nov-25,N5,FG - Clarifying Concentrate - 30ml,1,,Serum,1652.54,62.50%,40.00%,991.53,178.47,1170,FALSE,,,,,,,,,,,,,,,,
2560,04-Nov-25,N5,FG - Skin Perfecting Serum - 10ml,1,,Serum,830.51,62.50%,40.00%,498.31,89.69,588,FALSE,,,,,,,,,,,,,,,,
2561,04-Nov-25,N5,FG - Longevity Serum - 10ml,1,,Serum,661.02,62.50%,40.00%,396.61,71.39,468,FALSE,,,,,,,,,,,,,,,,
2562,04-Nov-25,N4,FG - Copper Peptide Serum - 30ml,1,,Serum,3898.31,62.50%,40.00%,"2,338.98",421.02,2760,FALSE,,,,,,,,,,,,,,,,
2563,04-Nov-25,N3,FG - AHA Face Wash - 100ml,1,,Cleanser,1228.81,62.50%,40.00%,737.29,132.71,870,FALSE,,,,,,,,,,,,,,,,
2563,04-Nov-25,N3,FG - Drating Cream - 50ml,1,,Cream,2330.51,62.50%,40.00%,"1,398.31",251.69,1650,FALSE,,,,,,,,,,,,,,,,
2563,04-Nov-25,N2,FG - Radiance Face Oil - 30ml,1,,Oil,3008.47,62.50%,40.00%,"1,805.08",324.92,2130,FALSE,,,,,,,,,,,,,,,,
2564,04-Nov-25,N1,FG - Drating Cream - 50ml,2,,Cream,2330.51,62.50%,40.00%,"2,796.61",503.39,3300,FALSE,,,,,,,,,,,,,,,,
2564,04-Nov-25,N1,FG - Longevity Serum - 10ml,3,,Serum,661.02,62.50%,40.00%,"1,189.83",214.17,1404,FALSE,,,5.4,,,,,,,,,,,,,
2564,04-Nov-25,N1,FG - Night Repair Cream- 30ml,1,,Cream,2245.76,62.50%,40.00%,"1,347.46",242.54,1590,FALSE,,,,,,,,,,,,,,,,
2565,04-Nov-25,N14,FG - AHA Face Wash - 100ml,7,,Cleanser,1228.81,62.50%,40.00%,"5,161.02",928.98,6090,FALSE,,,,,,,,,,,,,,,,
2565,04-Nov-25,N14,FG - Bio-Retinol Cream - 30ml,1,,Cream,2415.25,62.50%,40.00%,"1,449.15",260.85,1710,FALSE,,,,,,,,,,,,,,,,
2565,04-Nov-25,N14,FG - Copper Peptide Serum - 10ml,2,,Serum,1559.32,62.50%,40.00%,"1,871.19",336.81,2208,FALSE,,,,,,,,,,,,,,,,
2565,04-Nov-25,N14,FG - Eye Serum - 10ml,9,,Serum,1567.8,62.50%,40.00%,"8,466.10",1523.9,9990,FALSE,,,,,,,,,,,,,,,,
2565,04-Nov-25,N14,FG - Drating Cream - 50ml,2,,Cream,2330.51,62.50%,40.00%,"2,796.61",503.39,3300,FALSE,,,,,,,,,,,,,,,,
2565,04-Nov-25,N14,FG - Mineral Drops - 10ml,2,,SPF,542.37,62.50%,40.00%,650.85,117.15,768,FALSE,,,,,,,,,,,,,,,,
2565,04-Nov-25,N14,FG - Soothing Cream - 50ml,1,,Cream,1864.41,62.50%,40.00%,"1,118.64",201.36,1320,FALSE,,,,,,,,,,,,,,,,
2565,04-Nov-25,N14,FG - VitC Body Oil - 100ml,3,,Body,1144.07,62.50%,40.00%,"2,059.32",370.68,2430,FALSE,,,,,,,,,,,,,,,,
2566,04-Nov-25,N15,FG - Copper Peptide Serum - 10ml,3,,Serum,1559.32,62.50%,40.00%,"2,806.78",505.22,3312,FALSE,,,,,,,,,,,,,,,,
2566,04-Nov-25,N15,FG - Longevity Serum - 10ml,1,,Serum,661.02,62.50%,40.00%,396.61,71.39,468,FALSE,,,,,,,,,,,,,,,,
2566,04-Nov-25,N15,FG - Longevity Serum - 30ml,1,,Serum,1652.54,62.50%,40.00%,991.53,178.47,1170,FALSE,,,,,,,,,,,,,,,,
2566,04-Nov-25,N15,FG - Mineral Drops - 30ml,1,,SPF,1355.93,62.50%,40.00%,813.56,146.44,960,FALSE,,,,,,,,,,,,,,,,
2566,04-Nov-25,N15,FG - Night Repair Cream- 30ml,1,,Cream,2245.76,62.50%,40.00%,"1,347.46",242.54,1590,FALSE,,,,,,,,,,,,,,,,
2566,04-Nov-25,N15,FG - Sea Salt Body Scrub - 200ml,1,,Body,2245.76,62.50%,40.00%,"1,347.46",242.54,1590,FALSE,,,,,,,,,,,,,,,,
2567,04-Nov-25,N13,FG - Drating Cream - 50ml,1,,Cream,2330.51,62.50%,40.00%,"1,398.31",251.69,1650,FALSE,,,,,,,,,,,,,,,,
2567,04-Nov-25,N13,FG - Longevity Serum - 30ml,2,,Serum,1652.54,62.50%,40.00%,"1,983.05",356.95,2340,FALSE,,,,,,,,,,,,,,,,
2568,04-Nov-25,N13,FG - AHA Face Wash - 100ml,3,,Cleanser,1228.81,62.50%,40.00%,"2,211.86",398.14,2610,FALSE,,,,,,,,,,,,,,,,
2568,04-Nov-25,N13,FG - Bio-Retinol Cream - 30ml,3,,Cream,2415.25,62.50%,40.00%,"4,347.46",782.54,5130,FALSE,,,,,,,,,,,,,,,,
2568,04-Nov-25,N13,FG - Correcting Concentrate - 10ml,5,,Serum,1220.34,62.50%,40.00%,"3,661.02",658.98,4320,FALSE,,,,,,,,,,,,,,,,
2568,04-Nov-25,N13,FG - Drating Cream - 50ml,1,,Cream,2330.51,62.50%,40.00%,"1,398.31",251.69,1650,FALSE,,,,,,,,,,,,,,,,
2568,04-Nov-25,N13,FG - Night Repair Cream- 30ml,4,,Cream,2245.76,62.50%,40.00%,"5,389.83",970.17,6360,FALSE,,,,,,,,,,,,,,,,
2568,04-Nov-25,N13,FG - Sea Salt Body Scrub - 200ml,1,,Body,2245.76,62.50%,40.00%,"1,347.46",242.54,1590,FALSE,,,,,,,,,,,,,,,,
2569,04-Nov-25,N12,FG - AHA Body Wash - 150ml,1,,Body,1398.31,62.50%,40.00%,838.98,151.02,990,FALSE,,,,,,,,,,,,,,,,
2569,04-Nov-25,N12,FG - AHA Face Wash - 100ml,2,,Cleanser,1228.81,62.50%,40.00%,"1,474.58",265.42,1740,FALSE,,,,,,,,,,,,,,,,
2569,04-Nov-25,N12,FG - Drating Cream - 50ml,2,,Cream,2330.51,62.50%,40.00%,"2,796.61",503.39,3300,FALSE,,,,,,,,,,,,,,,,
2569,04-Nov-25,N12,FG - Radiance Face Oil - 10ml,1,,Oil,1228.81,62.50%,40.00%,737.29,132.71,870,FALSE,,,,,,,,,,,,,,,,
2569,04-Nov-25,N12,FG - Sea Salt Body Scrub - 200ml,2,,Body,2245.76,62.50%,40.00%,"2,694.92",485.08,3180,FALSE,,,,,,,,,,,,,,,,
2569,04-Nov-25,N12,FG - VitB Body Lotion - 100ml,1,,Body,1398.31,62.50%,40.00%,838.98,151.02,990,FALSE,,,,,,,,,,,,,,,,
2569,04-Nov-25,N12,FG - VitC Body Oil - 100ml,10,,Body,1144.07,62.50%,40.00%,"6,864.41",1235.59,8100,FALSE,,,,,,,,,,,,,,,,
2570,04-Nov-25,N12,FG - Copper Peptide Serum - 10ml,6,,Serum,1559.32,62.50%,40.00%,"5,613.56",1010.44,6624,FALSE,,,,,,,,,,,,,,,,
2570,04-Nov-25,N12,FG - Correcting Concentrate - 10ml,1,,Serum,1220.34,62.50%,40.00%,732.2,131.8,864,FALSE,,,,,,,,,,,,,,,,
2570,04-Nov-25,N4,FG - Cream Cleanser - 100ml,3,,Cleanser,1483.05,62.50%,40.00%,"2,669.49",480.51,3150,FALSE,,,,,,,,,,,,,,,,
2570,04-Nov-25,N4,FG - Eye Serum - 10ml,8,,Serum,1567.8,62.50%,40.00%,"7,525.42",1354.58,8880,FALSE,,,,,,,,,,,,,,,,
2570,04-Nov-25,N4,FG - Face Scrub - 50ml,9,,Masks & Exfoliators,1228.81,62.50%,40.00%,"6,635.59",1194.41,7830,FALSE,,,,,,,,,,,,,,,,
2570,04-Nov-25,N4,FG - Drating Cream - 50ml,1,,Cream,2330.51,62.50%,40.00%,"1,398.31",251.69,1650,FALSE,,,,,,,,,,,,,,,,
2570,04-Nov-25,N4,FG - Melting Balm Cleanser - 50ml,4,,Cleanser,1016.95,62.50%,40.00%,"2,440.68",439.32,2880,FALSE,,,,,,,,,,,,,,,,
2570,04-Nov-25,N4,FG - Mineral Drops - 10ml,1,,SPF,542.37,62.50%,40.00%,325.42,58.58,384,FALSE,,,,,,,,,,,,,,,,
2570,04-Nov-25,N4,FG - Nordic Mud Mask - 50ml,2,,Masks & Exfoliators,1991.53,62.50%,40.00%,"2,389.83",430.17,2820,FALSE,,,,,,,,,,,,,,,,
2570,04-Nov-25,N4,FG - Radiance Face Oil - 10ml,11,,Oil,1228.81,62.50%,40.00%,"8,110.17",1459.83,9570,FALSE,,,,,,,,,,,,,,,,
2570,04-Nov-25,N4,FG - Sea Salt Body Scrub - 200ml,4,,Body,2245.76,62.50%,40.00%,"5,389.83",970.17,6360,FALSE,,,,,,,,,,,,,,,,
2570,04-Nov-25,N4,FG - VitB Body Lotion - 100ml,2,,Body,1398.31,62.50%,40.00%,"1,677.97",302.03,1980,FALSE,,,,,,,,,,,,,,,,
2570,04-Nov-25,N4,FG - VitC Body Oil - 100ml,6,,Body,1144.07,62.50%,40.00%,"4,118.64",741.36,4860,FALSE,,,,,,,,,,,,,,,,
2570,04-Nov-25,N5,FG - Correcting Concentrate - 30ml,1,,Serum,3050.85,62.50%,40.00%,"1,830.51",329.49,2160,FALSE,,,,,,,,,,,,,,,,
2570,04-Nov-25,N5,FG - Radiance Face Oil - 30ml,5,,Oil,3008.47,62.50%,40.00%,"9,025.42",1624.58,10650,FALSE,,,,,,,,,,,,,,,,
2571,04-Nov-25,N5,FG - AHA Face Wash - 100ml,13,,Cleanser,1228.81,62.50%,40.00%,"9,584.75",1725.25,11310,FALSE,,,,,,,,,,,,,,,,
2571,04-Nov-25,N5,FG - Eye Serum - 10ml,1,,Serum,1567.8,62.50%,40.00%,940.68,169.32,1110,FALSE,,,,,,,,,,,,,,,,
2571,04-Nov-25,N5,FG - Mineral Drops - 10ml,10,,SPF,542.37,62.50%,40.00%,"3,254.24",585.76,3840,FALSE,,,,,,,,,,,,,,,,
2572,04-Nov-25,N12,FG - Bio-Retinol Cream - 30ml,1,,Cream,2415.25,62.50%,40.00%,"1,449.15",260.85,1710,FALSE,,,,,,,,,,,,,,,,
2572,04-Nov-25,N12,FG - Copper Peptide Serum - 10ml,1,,Serum,1559.32,62.50%,40.00%,935.59,168.41,1104,FALSE,,,,,,,,,,,,,,,,
2572,04-Nov-25,N12,FG - Drating Cream - 50ml,1,,Cream,2330.51,62.50%,40.00%,"1,398.31",251.69,1650,FALSE,,,,,,,,,,,,,,,,
2572,04-Nov-25,N12,FG - Longevity Serum - 10ml,4,,Serum,661.02,62.50%,40.00%,"1,586.44",285.56,1872,FALSE,,,,,,,,,,,,,,,,
2572,04-Nov-25,N12,FG - Longevity Serum - 30ml,1,,Serum,1652.54,62.50%,40.00%,991.53,178.47,1170,FALSE,,,,,,,,,,,,,,,,
2572,04-Nov-25,N12,FG - Night Repair Cream- 30ml,1,,Cream,2245.76,62.50%,40.00%,"1,347.46",242.54,1590,FALSE,,,,,,,,,,,,,,,,
2572,04-Nov-25,N12,FG - Radiance Face Oil - 30ml,1,,Oil,3008.47,62.50%,40.00%,"1,805.08",324.92,2130,FALSE,,,,,,,,,,,,,,,,
2573,04-Nov-25,N12,FG - Longevity Serum - 10ml,2,,Serum,661.02,62.50%,40.00%,793.22,142.78,936,FALSE,,,,,,,,,,,,,,,,
2573,04-Nov-25,N12,FG - Night Repair Cream- 30ml,1,,Cream,2245.76,62.50%,40.00%,"1,347.46",242.54,1590,FALSE,,,,,,,,,,,,,,,,
2573,04-Nov-25,N12,FG - VitC Body Oil - 100ml,2,,Body,1144.07,62.50%,40.00%,"1,372.88",247.12,1620,FALSE,,,,,,,,,,,,,,,,
2574,05-Nov-25,1A,FG - Milky Mineral Sunscreen - 40ml,2,,SPF,2372.88,45.00%,20.00%,"3,084.75",555.25,3640,FALSE,,,,,,,,,,,,,,,,
2575,05-Nov-25,R,FG - Radiance AntiOx Treatment Kit,36,,Kit,10169.49,35.75%,-,"1,62,000.00",29160,191160,TRUE,,,,,,,,,,,,,,,,
2575,05-Nov-25,R,FG - MultiPeptide Ageing Treatment Kit,100,,Kit,10169.49,35.75%,-,"4,50,000.00",81000,531000,TRUE,,,,,,,,,,,,,,,,
2576,05-Nov-25,N12,FG - Eye Care Ritual Kit,2,,Kit,10169.49,62.50%,40.00%,"7,627.12",1372.88,9000,TRUE,,,,,,,,,,,,,,,,
2576,05-Nov-25,N12,FG - MultiPeptide Ageing Treatment Kit,2,,Kit,10169.49,62.50%,40.00%,"7,627.12",1372.88,9000,TRUE,,,,,,,,,,,,,,,,
2576,05-Nov-25,N12,FG - Radiance AntiOx Treatment Kit,4,,Kit,10169.49,62.50%,40.00%,"15,254.24",2745.76,18000,TRUE,,,,,,,,,,,,,,,,
2577,05-Nov-25,N7,FG - MultiPeptide Ageing Treatment Kit,3,,Kit,10169.49,62.50%,40.00%,"11,440.68",2059.32,13500,TRUE,,,,,,,,,,,,,,,,
2577,05-Nov-25,N7,FG - Radiance AntiOx Treatment Kit,3,,Kit,10169.49,62.50%,40.00%,"11,440.68",2059.32,13500,TRUE,,,,,,,,,,,,,,,,
2577,05-Nov-25,N7,FG - Eye Care Ritual Kit,1,,Kit,10169.49,62.50%,40.00%,"3,813.56",686.44,4500,TRUE,,,,,,,,,,,,,,,,
2578,05-Nov-25,N7,FG - Eye Serum - 10ml,4,,Serum,1567.8,62.50%,40.00%,"3,762.71",677.29,4440,FALSE,,,,,,,,,,,,,,,,
2578,05-Nov-25,N7,FG - Face Scrub - 50ml,1,,Masks & Exfoliators,1228.81,62.50%,40.00%,737.29,132.71,870,FALSE,,,,,,,,,,,,,,,,
2578,05-Nov-25,N7,FG - Overnight Peel - 30ml,1,,Serum,2118.64,62.50%,40.00%,"1,271.19",228.81,1500,FALSE,,,,,,,,,,,,,,,,
2579,05-Nov-25,N6,FG - Bio-Retinol Cream - 30ml,1,,Cream,2415.25,62.50%,40.00%,"1,449.15",260.85,1710,FALSE,,,,,,,,,,,,,,,,
2579,05-Nov-25,N6,FG - Copper Peptide Serum - 10ml,1,,Serum,1559.32,62.50%,40.00%,935.59,168.41,1104,FALSE,,,,,,,,,,,,,,,,
2579,05-Nov-25,N6,FG - Eye Serum - 10ml,3,,Serum,1567.8,62.50%,40.00%,"2,822.03",507.97,3330,FALSE,,,,,,,,,,,,,,,,
2579,05-Nov-25,N6,FG - Longevity Serum - 10ml,1,,Serum,661.02,62.50%,40.00%,396.61,71.39,468,FALSE,,,,,,,,,,,,,,,,
2579,05-Nov-25,N6,FG - Mineral Drops - 10ml,3,,SPF,542.37,62.50%,40.00%,976.27,175.73,1152,FALSE,,,,,,,,,,,,,,,,
2579,05-Nov-25,N6,FG - Mineral Drops - 30ml,1,,SPF,1355.93,62.50%,40.00%,813.56,146.44,960,FALSE,,,,,,,,,,,,,,,,
2579,05-Nov-25,N6,FG - Night Repair Cream- 30ml,1,,Cream,2245.76,62.50%,40.00%,"1,347.46",242.54,1590,FALSE,,,,,,,,,,,,,,,,
2579,05-Nov-25,N6,FG - Skin Perfecting Serum - 10ml,1,,Serum,830.51,62.50%,40.00%,498.31,89.69,588,FALSE,,,,,,,,,,,,,,,,
2579,05-Nov-25,N6,FG - VitB Body Lotion - 100ml,1,,Body,1398.31,62.50%,40.00%,838.98,151.02,990,FALSE,,,,,,,,,,,,,,,,
2579,05-Nov-25,N6,FG - VitC Body Oil - 100ml,1,,Body,1144.07,62.50%,40.00%,686.44,123.56,810,FALSE,,,,,,,,,,,,,,,,
2580,05-Nov-25,6B,FG - Melting Balm Cleanser - 50ml,2,,Cleanser,1016.95,40.00%,25.00%,"1,525.42",274.58,1800,FALSE,,,,,,,,,,,,,,,,
2581,05-Nov-25,X,FG - VitC Body Oil - 100ml,3,,Body,1144.07,50.00%,50.00%,"1,716.10",308.9,2025,FALSE,,,,,,,,,,,,,,,,
2582,05-Nov-25,N2,FG - Radiance AntiOx Treatment Kit,6,,Kit,10169.49,62.50%,40.00%,"22,881.36",4118.64,27000,TRUE,,,,,,,,,,,,,,,,
2582,05-Nov-25,N2,FG - MultiPeptide Ageing Treatment Kit,4,,Kit,10169.49,62.50%,40.00%,"15,254.24",2745.76,18000,TRUE,,,,,,,,,,,,,,,,
2583,05-Nov-25,Z,FG - Eye Care Ritual Kit,1,,Kit,10169.49,40.00%,25.00%,"6,101.69",1098.31,7200,TRUE,,,,,,,,,,,,,,,,
2583,05-Nov-25,Z,FG - Bio-Retinol Cream - 30ml,2,,Cream,2415.25,40.00%,25.00%,"3,622.88",652.12,4275,FALSE,,,,,,,,,,,,,,,,
2583,05-Nov-25,Z,FG - Eye Serum - 10ml,5,,Serum,1567.8,40.00%,25.00%,"5,879.24",1058.26,6937.5,FALSE,,,,,,,,,,,,,,,,
2583,05-Nov-25,Z,FG - Radiance AntiOx Treatment Kit,1,,Kit,10169.49,40.00%,25.00%,"6,101.69",1098.31,7200,TRUE,,,,,,,,,,,,,,,,
2584,17-Nov-25,F,FG - Clarifying Concentrate - 30ml,20,18-Nov-25,Serum,1652.54,,36.00%,"21,152.54",3807.46,24960,FALSE,,,,,,,,,,,,,,,,
2584,17-Nov-25,F,FG - Skin Perfecting Serum - 30ml,37,18-Nov-25,Serum,2076.27,,36.00%,"49,166.10",8849.9,58016,FALSE,,,,,,,,,,,,,,,,
2584,17-Nov-25,F,FG - Nourishing Sleep Oil - 30ml,20,18-Nov-25,Oil,2033.9,,36.00%,"26,033.90",4686.1,30720,FALSE,,,,,,,,,,,,,,,,
2584,17-Nov-25,F,FG - Clarifying Concentrate - 10ml,17,18-Nov-25,Serum,661.02,,36.00%,"7,191.86",1294.54,8486.4,FALSE,,,,,,,,,,,,,,,,
2584,17-Nov-25,F,FG - Radiance Face Oil - 10ml,7,18-Nov-25,Oil,1228.81,,36.00%,"5,505.08",990.92,6496,FALSE,,,,,,,,,,,,,,,,
2585,06-Nov-25,1B,FG - CityLife Dration Treatment Kit,2,,Kit,7627.12,45.00%,20.00%,"9,152.54",1647.46,10800,TRUE,,,,,,,,,,,,,,,,
2585,06-Nov-25,1B,FG - AHA Face Wash - 100ml,4,,Cleanser,1228.81,45.00%,20.00%,"3,194.92",575.08,3770,FALSE,,,,,,,,,,,,,,,,
2585,06-Nov-25,1B,FG - Melting Balm Cleanser - 50ml,3,,Cleanser,1016.95,45.00%,20.00%,"1,983.05",356.95,2340,FALSE,,,,,,,,,,,,,,,,
2585,06-Nov-25,1B,FG - Drating Cream - 50ml,2,,Cream,2330.51,45.00%,20.00%,"3,029.66",545.34,3575,FALSE,,,,,,,,,,,,,,,,
2585,06-Nov-25,1B,FG - Clarifying Concentrate - 30ml,0,,Serum,1652.54,45.00%,20.00%,0,0,0,FALSE,,,,,,,,,,,,,,,,
2586,06-Nov-25,1C,FG - Clarifying Concentrate - 30ml,0,,Serum,1652.54,45.00%,20.00%,0,0,0,FALSE,,,,,,,,,,,,,,,,
2586,06-Nov-25,1C,FG - Clarifying Concentrate - 10ml,2,,Serum,661.02,45.00%,20.00%,859.32,154.68,1014,FALSE,,,,,,,,,,,,,,,,
2586,06-Nov-25,1C,FG - AHA Face Wash - 100ml,3,,Cleanser,1228.81,45.00%,20.00%,"2,396.19",431.31,2827.5,FALSE,,,,,,,,,,,,,,,,
2586,06-Nov-25,1C,FG - Copper Peptide Serum - 10ml,3,,Serum,1559.32,45.00%,20.00%,"3,040.68",547.32,3588,FALSE,,,,,,,,,,,,,,,,
2586,06-Nov-25,1C,FG - Correcting Concentrate - 10ml,3,,Serum,1220.34,45.00%,20.00%,"2,379.66",428.34,2808,FALSE,,,,,,,,,,,,,,,,
2586,06-Nov-25,1C,FG - Overnight Peel - 10ml,3,,Serum,847.46,45.00%,20.00%,"1,652.54",297.46,1950,FALSE,,,,,,,,,,,,,,,,
2586,06-Nov-25,1C,FG - Bio-Retinol Cream - 30ml,2,,Cream,2415.25,45.00%,20.00%,"3,139.83",565.17,3705,FALSE,,,,,,,,,,,,,,,,
2586,06-Nov-25,1C,FG - Drating Cream - 50ml,3,,Cream,2330.51,45.00%,20.00%,"4,544.49",818.01,5362.5,FALSE,,,,,,,,,,,,,,,,
2586,06-Nov-25,1C,FG - Radiance Face Oil - 10ml,3,,Oil,1228.81,45.00%,20.00%,"2,396.19",431.31,2827.5,FALSE,,,,,,,,,,,,,,,,
2586,06-Nov-25,1C,FG - Radiance Face Oil - 30ml,2,,Oil,3008.47,45.00%,20.00%,"3,911.02",703.98,4615,FALSE,,,,,,,,,,,,,,,,
2586,06-Nov-25,1C,FG - Sea Salt Body Scrub - 200ml,2,,Body,2245.76,45.00%,20.00%,"2,919.49",525.51,3445,FALSE,,,,,,,,,,,,,,,,
2586,06-Nov-25,1C,FG - Eye Care Ritual Kit,2,,Kit,10169.49,45.00%,20.00%,"12,203.39",2196.61,14400,TRUE,,,,,,,,,,,,,,,,
2587,06-Nov-25,V1,FG - Mineral Drops - 10ml,3,,SPF,542.37,40.00%,35.00%,"1,627.12",292.88,1920,FALSE,,,,,,,,,,,,,,,,
2587,06-Nov-25,V1,FG - Copper Peptide Serum - 10ml,3,,Serum,1559.32,40.00%,35.00%,"4,677.97",842.03,5520,FALSE,,,,,,,,,,,,,,,,
2587,06-Nov-25,V1,FG - AHA Body Wash - 150ml,2,,Body,1398.31,40.00%,35.00%,"2,796.61",503.39,3300,FALSE,,,,,,,,,,,,,,,,
2587,06-Nov-25,V1,FG - Melting Balm Cleanser - 50ml,3,,Cleanser,1016.95,40.00%,35.00%,"3,050.85",549.15,3600,FALSE,,,,,,,,,,,,,,,,
2587,06-Nov-25,V1,FG - Sea Salt Body Scrub - 200ml,2,,Body,2245.76,40.00%,35.00%,"4,491.53",808.47,5300,FALSE,,,,,,,,,,,,,,,,
2587,06-Nov-25,V1,FG - Drating Cream - 50ml,3,,Cream,2330.51,40.00%,35.00%,"6,991.53",1258.47,8250,FALSE,,,,,,,,,,,,,,,,
2587,06-Nov-25,V1,FG - Eye Serum - 10ml,3,,Serum,1567.8,40.00%,35.00%,"4,703.39",846.61,5550,FALSE,,,,,,,,,,,,,,,,
2587,06-Nov-25,V1,FG - VitC Body Oil - 100ml,3,,Body,1144.07,40.00%,35.00%,"3,432.20",617.8,4050,FALSE,,,,,,,,,,,,,,,,
2588,06-Nov-25,Y,FG - Milky Mineral Sunscreen - 40ml,3,,SPF,2372.88,40.00%,35.00%,"3,915.25",704.75,4620,FALSE,,,,,,,,,,,,,,,,
2588,06-Nov-25,Y,FG - AHA Body Wash - 150ml,2,,Body,1398.31,40.00%,35.00%,"1,538.14",276.86,1815,FALSE,,,,,,,,,,,,,,,,
2588,06-Nov-25,Y,FG - Eye Serum - 10ml,2,,Serum,1567.8,40.00%,35.00%,"1,724.58",310.42,2035,FALSE,,,,,,,,,,,,,,,,
2588,06-Nov-25,Y,FG - Correcting Concentrate - 30ml,2,,Serum,3050.85,50.00%,45.00%,"3,355.93",604.07,3960,FALSE,,,,,,,,,,,,,,,,
2588,06-Nov-25,Y,FG - Regenerating Serum - 30ml,1,,Serum,3389.83,50.00%,45.00%,"1,864.41",335.59,2200,FALSE,,,,,,,,,,,,,,,,
2589,06-Nov-25,Y,FG - Radiance AntiOx Treatment Kit,1,,Kit,10169.49,65.00%,55.00%,"3,559.32",640.68,4200,TRUE,,,,,,,,,,,,,,,,
2589,06-Nov-25,Y,FG - MultiPeptide Ageing Treatment Kit,1,,Kit,10169.49,65.00%,55.00%,"3,559.32",640.68,4200,TRUE,,,,,,,,,,,,,,,,
2590,12-Nov-25,L,FG - Sea Salt Body Scrub - 200ml,2,20-Nov-25,Body,2245.76,,36.00%,"2,874.58",517.42,3392,FALSE,,,,,,,,,,,,,,,,
2590,12-Nov-25,L,FG - VitC Body Oil - 100ml,3,20-Nov-25,Body,1144.07,,36.00%,"2,196.61",395.39,2592,FALSE,,,,,,,,,,,,,,,,
2590,12-Nov-25,L,FG - Copper Peptide Serum - 10ml,5,20-Nov-25,Serum,1559.32,,36.00%,"4,989.83",898.17,5888,FALSE,,,,,,,,,,,,,,,,
2590,12-Nov-25,L,FG - Eye Serum - 10ml,27,20-Nov-25,Serum,1567.8,,36.00%,"27,091.53",4876.47,31968,FALSE,,,,,,,,,,,,,,,,
2591,07-Nov-25,X,FG - AHA Power Peel - 50ml,2,,Masks & Exfoliators,1864.41,50.00%,50.00%,"1,864.41",335.59,2200,FALSE,,,,,,,,,,,,,,,,
2591,07-Nov-25,X,FG - Marine Clay Mask 200ml,1,,B2B,5338.98,50.00%,50.00%,"2,669.49",480.51,3150,TRUE,,,,,,,,,,,,,,,,
2591,07-Nov-25,X,FG - Nordic Mud Mask 200ml,2,,B2B,6355.93,50.00%,50.00%,"6,355.93",1144.07,7500,TRUE,,,,,,,,,,,,,,,,
2592,07-Nov-25,X,FG - AHA Body Wash - 150ml,3,,Body,1398.31,50.00%,50.00%,"2,097.46",377.54,2475,FALSE,,,,,,,,,,,,,,,,
2592,07-Nov-25,X,FG - Antioxidant Body Scrub - 200ml,4,,Body,1991.53,50.00%,50.00%,"3,983.05",716.95,4700,FALSE,,,,,,,,,,,,,,,,
2592,07-Nov-25,X,FG - Sea Salt Body Scrub - 200ml,10,,Body,2245.76,50.00%,50.00%,"11,228.81",2021.19,13250,FALSE,,,,,,,,,,,,,,,,
2592,07-Nov-25,X,FG - VitB Body Lotion - 100ml,13,,Body,1398.31,50.00%,50.00%,"9,088.98",1636.02,10725,FALSE,,,,,,,,,,,,,,,,
2592,07-Nov-25,X,FG - VitC Body Oil - 100ml,17,,Body,1144.07,50.00%,50.00%,"9,724.58",1750.42,11475,FALSE,,,,,,,,,,,,,,,,
2593,07-Nov-25,X,FG - Radiance AntiOx Treatment Kit,2,,Kit,10169.49,50.00%,40.00%,"10,169.49",1830.51,12000,TRUE,,,,,,,,,,,,,,,,
2594,07-Nov-25,Z,FG - MultiPeptide Ageing Treatment Kit,1,,Kit,10169.49,40.00%,,"6,101.69",1098.31,7200,TRUE,,,,,,,,,,,,,,,,
2595,07-Nov-25,1D,FG - Regenerating Serum - 30ml,2,,Serum,3389.83,45.00%,20.00%,"4,406.78",793.22,5200,FALSE,,,,,,,,,,,,,,,,
2595,07-Nov-25,1D,FG - Clarifying Concentrate - 30ml,0,,Serum,1652.54,45.00%,20.00%,0,0,0,FALSE,,,,,,,,,,,,,,,,
2595,07-Nov-25,1D,FG - Correcting Concentrate - 30ml,2,,Serum,3050.85,45.00%,20.00%,"3,966.10",713.9,4680,FALSE,,,,,,,,,,,,,,,,
2595,07-Nov-25,1D,FG - Melting Balm Cleanser - 50ml,2,,Cleanser,1016.95,45.00%,20.00%,"1,322.03",237.97,1560,FALSE,,,,,,,,,,,,,,,,
2595,07-Nov-25,1D,FG - Copper Peptide Serum - 30ml,2,,Serum,3898.31,45.00%,20.00%,"5,067.80",912.2,5980,FALSE,,,,,,,,,,,,,,,,
2595,07-Nov-25,1D,FG - Mineral Drops - 30ml,2,,SPF,1355.93,45.00%,20.00%,"1,762.71",317.29,2080,FALSE,,,,,,,,,,,,,,,,
2595,07-Nov-25,1D,FG - AHA Face Wash - 100ml,2,,Cleanser,1228.81,45.00%,20.00%,"1,597.46",287.54,1885,FALSE,,,,,,,,,,,,,,,,
2596,07-Nov-25,9,FG - Radiance AntiOx Treatment Kit,6,,Kit,10169.49,55.00%,27.00%,"26,542.37",4777.63,31320,TRUE,,,,,,,,,,,,,,,,
2596,07-Nov-25,9,FG - MultiPeptide Ageing Treatment Kit,2,,Kit,10169.49,55.00%,27.00%,"8,847.46",1592.54,10440,TRUE,,,,,,,,,,,,,,,,
2596,07-Nov-25,9,FG - AHA Face Wash - 100ml,5,,Cleanser,1228.81,55.00%,27.00%,"4,274.13",769.34,5043.48,FALSE,,,,,,,,,,,,,,,,
2597,07-Nov-25,N7,FG - MultiPeptide Ageing Treatment Kit,1,,Kit,10169.49,62.50%,40.00%,"3,813.56",686.44,4500,TRUE,,,,,,,,,,,,,,,,
2597,07-Nov-25,N7,FG - Radiance AntiOx Treatment Kit,2,,Kit,10169.49,62.50%,40.00%,"7,627.12",1372.88,9000,TRUE,,,,,,,,,,,,,,,,
2598,07-Nov-25,N7,FG - Copper Peptide Serum - 10ml,1,,Serum,1559.32,62.50%,40.00%,935.59,168.41,1104,FALSE,,,,,,,,,,,,,,,,
2598,07-Nov-25,N7,FG - Correcting Concentrate - 10ml,2,,Serum,1220.34,62.50%,40.00%,"1,464.41",263.59,1728,FALSE,,,,,,,,,,,,,,,,
2598,07-Nov-25,N7,FG - Eye Serum - 10ml,2,,Serum,1567.8,62.50%,40.00%,"1,881.36",338.64,2220,FALSE,,,,,,,,,,,,,,,,
2598,07-Nov-25,N7,FG - Mineral Drops - 10ml,1,,SPF,542.37,62.50%,40.00%,325.42,58.58,384,FALSE,,,,,,,,,,,,,,,,
2598,07-Nov-25,N7,FG - Mineral Drops - 30ml,1,,SPF,1355.93,62.50%,40.00%,813.56,146.44,960,FALSE,,,,,,,,,,,,,,,,
2598,07-Nov-25,N7,FG - Night Repair Cream- 30ml,1,,Cream,2245.76,62.50%,40.00%,"1,347.46",242.54,1590,FALSE,,,,,,,,,,,,,,,,
2598,07-Nov-25,N7,FG - VitC Body Oil - 100ml,5,,Body,1144.07,62.50%,40.00%,"3,432.20",617.8,4050,FALSE,,,,,,,,,,,,,,,,
2599,07-Nov-25,W,LED Wand - Beauty Equipment (Small Roller),1,,B2B,2232.14,30.00%,30.00%,"1,116.07",200.89,1316.96,TRUE,,,,,,,,,,,,,,,,
2600,07-Nov-25,W,LED Wand - Beauty Equipment (Small Roller),1,,B2B,2232.14,30.00%,30.00%,"1,116.07",200.89,1316.96,TRUE,,,,,,,,,,,,,,,,
2601,08-Nov-25,N7,FG - Radiance AntiOx Treatment Kit,2,,Kit,10169.49,62.50%,40.00%,"7,627.12",1372.88,9000,TRUE,,,,,,,,,,,,,,,,
2601,08-Nov-25,N7,FG - MultiPeptide Ageing Treatment Kit,2,,Kit,10169.49,62.50%,40.00%,"7,627.12",1372.88,9000,TRUE,,,,,,,,,,,,,,,,
2602,08-Nov-25,8,FG - Melting Balm Cleanser - 50ml,1,,Cleanser,1016.95,50.00%,45.00%,711.86,128.14,840,FALSE,,,,,,,,,,,,,,,,
2602,08-Nov-25,8,FG - AHA Face Wash - 100ml,2,,Cleanser,1228.81,50.00%,45.00%,"1,720.34",309.66,2030,FALSE,,,,,,,,,,,,,,,,
2602,08-Nov-25,8,FG - Cream Cleanser - 100ml,2,,Cleanser,1483.05,50.00%,45.00%,"2,076.27",373.73,2450,FALSE,,,,,,,,,,,,,,,,
2602,08-Nov-25,8,FG - AHA Power Peel - 50ml,1,,Masks & Exfoliators,1864.41,50.00%,45.00%,"1,305.08",234.92,1540,FALSE,,,,,,,,,,,,,,,,
2602,08-Nov-25,8,FG - Bio-Retinol Cream - 30ml,1,,Cream,2415.25,50.00%,45.00%,"1,690.68",304.32,1995,FALSE,,,,,,,,,,,,,,,,
2602,08-Nov-25,8,FG - Night Repair Cream- 30ml,2,,Cream,2245.76,50.00%,45.00%,"3,144.07",565.93,3710,FALSE,,,,,,,,,,,,,,,,
2602,08-Nov-25,8,FG - Eye Serum - 10ml,2,,Serum,1567.8,50.00%,45.00%,"2,194.92",395.08,2590,FALSE,,,,,,,,,,,,,,,,
2602,08-Nov-25,8,FG - Copper Peptide Serum - 10ml,2,,Serum,1559.32,50.00%,45.00%,"2,183.05",392.95,2576,FALSE,,,,,,,,,,,,,,,,
2602,08-Nov-25,8,FG - Skin Perfecting Serum - 10ml,1,,Serum,830.51,50.00%,45.00%,581.36,104.64,686,FALSE,,,,,,,,,,,,,,,,
2602,08-Nov-25,8,FG - Mineral Drops - 10ml,1,,SPF,542.37,50.00%,45.00%,379.66,68.34,448,FALSE,,,,,,,,,,,,,,,,
2602,08-Nov-25,8,FG - Mineral Drops - 30ml,1,,SPF,1355.93,50.00%,45.00%,949.15,170.85,1120,FALSE,,,,,,,,,,,,,,,,
2603,08-Nov-25,P,FG - Milky Mineral Sunscreen - 40ml,4,,SPF,2372.88,25.00%,20.00%,"9,084.81",1635.27,10720.08,FALSE,,,,,,,,,,,,,,,,
2604,08-Nov-25,6B,FG - Radiance AntiOx Treatment Kit,1,,Kit,10169.49,40.00%,25.00%,"4,423.73",796.27,5220,TRUE,,,,,,,,,,,,,,,,
2604,08-Nov-25,6B,FG - MultiPeptide Ageing Treatment Kit,1,,Kit,10169.49,40.00%,25.00%,"4,423.73",796.27,5220,TRUE,,,,,,,,,,,,,,,,
2604,08-Nov-25,6B,FG - Clarifying Mineral Treatment Kit,1,,Kit,7627.12,40.00%,25.00%,"3,317.80",597.2,3915,TRUE,,,,,,,,,,,,,,,,
2604,08-Nov-25,6B,FG - CityLife Dration Treatment Kit,1,,Kit,7627.12,40.00%,25.00%,"3,317.80",597.2,3915,TRUE,,,,,,,,,,,,,,,,
2605,08-Nov-25,1E,FG - AHA Body Wash - 150ml,4,,Body,1398.31,45.00%,20.00%,"3,635.59",654.41,4290,FALSE,,,,,,,,,,,,,,,,
2605,08-Nov-25,1E,FG - AHA Power Peel - 50ml,5,,Masks & Exfoliators,1864.41,45.00%,20.00%,"6,059.32",1090.68,7150,FALSE,,,,,,,,,,,,,,,,
2605,08-Nov-25,1E,FG - Antioxidant Body Scrub - 200ml,20,,Body,1991.53,45.00%,20.00%,"25,889.83",4660.17,30550,FALSE,,,,,,,,,,,,,,,,
2605,08-Nov-25,1E,FG - Marine Clay Mask 200ml,10,,B2B,5338.98,45.00%,20.00%,"32,033.90",5766.1,37800,TRUE,,,,,,,,,,,,,,,,
2605,08-Nov-25,1E,FG - Nordic Mud Mask 200ml,10,,B2B,6355.93,45.00%,20.00%,"38,135.59",6864.41,45000,TRUE,,,,,,,,,,,,,,,,
2605,08-Nov-25,1E,FG - Sea Salt Body Scrub - 200ml,10,,Body,2245.76,45.00%,20.00%,"14,597.46",2627.54,17225,FALSE,,,,,,,,,,,,,,,,
2605,08-Nov-25,1E,FG - VitB Body Lotion - 100ml,5,,Body,1398.31,45.00%,20.00%,"4,544.49",818.01,5362.5,FALSE,,,,,,,,,,,,,,,,
2605,08-Nov-25,1E,FG - VitC Body Oil - 100ml,5,,Body,1144.07,45.00%,20.00%,"3,718.22",669.28,4387.5,FALSE,,,,,,,,,,,,,,,,
2606,08-Nov-25,1E,FG - AHA Face Wash - 100ml,3,,Cleanser,1228.81,45.00%,20.00%,"2,396.19",431.31,2827.5,FALSE,,,,,,,,,,,,,,,,
2606,08-Nov-25,1E,FG - AHA Power Peel - 50ml,2,,Masks & Exfoliators,1864.41,45.00%,20.00%,"2,423.73",436.27,2860,FALSE,,,,,,,,,,,,,,,,
2606,08-Nov-25,1E,FG - Clarifying Concentrate - 10ml,1,,Serum,661.02,45.00%,20.00%,429.66,77.34,507,FALSE,,,,,,,,,,,,,,,,
2606,08-Nov-25,1E,FG - Correcting Concentrate - 10ml,1,,Serum,1220.34,45.00%,20.00%,793.22,142.78,936,FALSE,,,,,,,,,,,,,,,,
2606,08-Nov-25,1E,FG - Correcting Concentrate - 30ml,3,,Serum,3050.85,45.00%,20.00%,"5,949.15",1070.85,7020,FALSE,,,,,,,,,,,,,,,,
2606,08-Nov-25,1E,FG - Copper Peptide Serum - 10ml,1,,Serum,1559.32,45.00%,20.00%,"1,013.56",182.44,1196,FALSE,,,,,,,,,,,,,,,,
2606,08-Nov-25,1E,FG - Eye Serum - 10ml,11,,Serum,1567.8,45.00%,20.00%,"11,209.75",2017.75,13227.5,FALSE,,,,,,,,,,,,,,,,
2606,08-Nov-25,1E,FG - Longevity Serum - 10ml,6,,Serum,661.02,45.00%,20.00%,"2,577.97",464.03,3042,FALSE,,,,,,,,,,,,,,,,
2606,08-Nov-25,1E,FG - Longevity Serum - 30ml,3,,Serum,1652.54,45.00%,20.00%,"3,222.46",580.04,3802.5,FALSE,,,,,,,,,,,,,,,,
2606,08-Nov-25,1E,FG - Mineral Drops - 30ml,10,,SPF,1355.93,45.00%,20.00%,"8,813.56",1586.44,10400,FALSE,,,,,,,,,,,,,,,,
2606,08-Nov-25,1E,FG - Overnight Peel - 10ml,5,,Serum,847.46,45.00%,20.00%,"2,754.24",495.76,3250,FALSE,,,,,,,,,,,,,,,,
2606,08-Nov-25,1E,FG - Overnight Peel - 30ml,3,,Serum,2118.64,45.00%,20.00%,"4,131.36",743.64,4875,FALSE,,,,,,,,,,,,,,,,
2606,08-Nov-25,1E,FG - Marine Clay Mask - 50ml,1,,Masks & Exfoliators,1567.8,45.00%,20.00%,"1,019.07",183.43,1202.5,FALSE,,,,,,,,,,,,,,,,
2606,08-Nov-25,1E,FG - Melting Balm Cleanser - 50ml,1,,Cleanser,1016.95,45.00%,20.00%,661.02,118.98,780,FALSE,,,,,,,,,,,,,,,,
2606,08-Nov-25,1E,FG - Radiance Face Oil - 10ml,1,,Oil,1228.81,45.00%,20.00%,798.73,143.77,942.5,FALSE,,,,,,,,,,,,,,,,
2606,08-Nov-25,1E,FG - Regenerating Serum - 10ml,1,,Serum,1355.93,45.00%,20.00%,881.36,158.64,1040,FALSE,,,,,,,,,,,,,,,,
2606,08-Nov-25,1E,FG - Skin Perfecting Serum - 10ml,1,,Serum,830.51,45.00%,20.00%,539.83,97.17,637,FALSE,,,,,,,,,,,,,,,,
2607,10-Nov-25,1A,FG - Everyday Shield - Yellow Pouch & Charms,2,,Combo,4025.42,45.00%,20.00%,"5,233.05",941.95,6175,FALSE,,,,,,,,,,,,,,,,
2608,10-Nov-25,N7,FG - Radiance AntiOx Treatment Kit,4,,Kit,10169.49,62.50%,40.00%,"15,254.24",2745.76,18000,TRUE,,,,,,,,,,,,,,,,
2608,10-Nov-25,N7,FG - MultiPeptide Ageing Treatment Kit,2,,Kit,10169.49,62.50%,40.00%,"7,627.12",1372.88,9000,TRUE,,,,,,,,,,,,,,,,
2609,10-Nov-25,5A,FG - Radiance AntiOx Treatment Kit,6,,Kit,10169.49,40.00%,40.00%,"30,508.47",5491.53,36000,TRUE,,,,,,,,,,,,,,,,
2609,10-Nov-25,5A,FG - Clarifying Mineral Treatment Kit,5,,Kit,7627.12,40.00%,40.00%,"19,067.80",3432.2,22500,TRUE,,,,,,,,,,,,,,,,
2609,10-Nov-25,5A,FG - CityLife Dration Treatment Kit,4,,Kit,7627.12,40.00%,40.00%,"15,254.24",2745.76,18000,TRUE,,,,,,,,,,,,,,,,
2610,10-Nov-25,3A,FG - AHA Face Wash - 100ml,12,,Cleanser,1228.81,20.00%,25.00%,"11,059.32",1990.68,13050,FALSE,,,,,,,,,,,,,,,,
2610,10-Nov-25,3A,FG - Antioxidant Body Scrub - 200ml,2,,Body,1991.53,20.00%,25.00%,"2,987.29",537.71,3525,FALSE,,,,,,,,,,,,,,,,
2610,10-Nov-25,3A,FG - Copper Peptide Serum - 10ml,2,,Serum,1559.32,20.00%,25.00%,"2,338.98",421.02,2760,FALSE,,,,,,,,,,,,,,,,
2610,10-Nov-25,3A,FG - Correcting Concentrate - 10ml,2,,Serum,1220.34,20.00%,25.00%,"1,830.51",329.49,2160,FALSE,,,,,,,,,,,,,,,,
2610,10-Nov-25,3A,FG - Clarifying Concentrate - 10ml,2,,Serum,661.02,20.00%,25.00%,991.53,178.47,1170,FALSE,,,,,,,,,,,,,,,,
2610,10-Nov-25,3A,FG - Night Repair Cream- 30ml,2,,Cream,2245.76,20.00%,25.00%,"3,368.64",606.36,3975,FALSE,,,,,,,,,,,,,,,,
2610,10-Nov-25,3A,FG - Soothing Cream - 50ml,2,,Cream,1864.41,20.00%,25.00%,"2,796.61",503.39,3300,FALSE,,,,,,,,,,,,,,,,
2610,10-Nov-25,3A,FG - VitB Body Lotion - 100ml,1,,Body,1398.31,20.00%,25.00%,"1,048.73",188.77,1237.5,FALSE,,,,,,,,,,,,,,,,
2610,10-Nov-25,3A,FG - VitC Body Oil - 100ml,2,,Body,1144.07,20.00%,25.00%,"1,716.10",308.9,2025,FALSE,,,,,,,,,,,,,,,,
2610,10-Nov-25,3A,FG - Mineral Drops - 10ml,3,,SPF,542.37,20.00%,25.00%,"1,220.34",219.66,1440,FALSE,,,,,,,,,,,,,,,,
2610,10-Nov-25,3A,FG - Mineral Drops - 30ml,2,,SPF,1355.93,20.00%,25.00%,"2,033.90",366.1,2400,FALSE,,,,,,,,,,,,,,,,
2610,10-Nov-25,3A,FG - Milky Mineral Sunscreen - 40ml,2,,SPF,2372.88,20.00%,25.00%,"3,559.32",640.68,4200,FALSE,,,,,,,,,,,,,,,,
2611,10-Nov-25,3B,FG - Melting Balm Cleanser - 50ml,3,,Cleanser,1016.95,20.00%,25.00%,"1,830.51",329.49,2160,FALSE,,,,,,,,,,,,,,,,
2611,10-Nov-25,3B,FG - Correcting Concentrate - 30ml,2,,Serum,3050.85,20.00%,25.00%,"3,661.02",658.98,4320,FALSE,,,,,,,,,,,,,,,,
2611,10-Nov-25,3B,FG - Clarifying Concentrate - 30ml,9,,Serum,1652.54,20.00%,25.00%,"8,923.73",1606.27,10530,FALSE,,,,,,,,,,,,,,,,
2611,10-Nov-25,3B,FG - Skin Perfecting Serum - 30ml,3,,Serum,2076.27,20.00%,25.00%,"3,737.29",672.71,4410,FALSE,,,,,,,,,,,,,,,,
2611,10-Nov-25,3B,FG - Eye Serum - 10ml,9,,Serum,1567.8,20.00%,25.00%,"8,466.10",1523.9,9990,FALSE,,,,,,,,,,,,,,,,
2611,10-Nov-25,3B,FG - Sea Salt Body Scrub - 200ml,1,,Body,2245.76,20.00%,25.00%,"1,347.46",242.54,1590,FALSE,,,,,,,,,,,,,,,,
2611,10-Nov-25,3B,FG - VitB Body Lotion - 100ml,1,,Body,1398.31,20.00%,25.00%,838.98,151.02,990,FALSE,,,,,,,,,,,,,,,,
2611,10-Nov-25,3B,FG - AHA Body Wash - 150ml,9,,Body,1398.31,20.00%,25.00%,"7,550.85",1359.15,8910,FALSE,,,,,,,,,,,,,,,,
2612,10-Nov-25,Y,FG - AHA Face Wash - 100ml,1,,Cleanser,1228.81,65.00%,55.00%,552.97,99.53,652.5,FALSE,,,,,,,,,,,,,,,,
2612,10-Nov-25,Y,FG - Clarifying Concentrate - 10ml,1,,Serum,661.02,65.00%,55.00%,297.46,53.54,351,FALSE,,,,,,,,,,,,,,,,
2613,11-Nov-25,N8,FG - VitB Body Lotion - 100ml,1,,Body,1398.31,62.50%,40.00%,838.98,151.02,990,FALSE,,,,,,,,,,,,,,,,
2613,11-Nov-25,N8,FG - VitC Body Oil - 100ml,1,,Body,1144.07,62.50%,40.00%,686.44,123.56,810,FALSE,,,,,,,,,,,,,,,,
2613,11-Nov-25,N8,FG - Sea Salt Body Scrub - 200ml,1,,Body,2245.76,62.50%,40.00%,"1,347.46",242.54,1590,FALSE,,,,,,,,,,,,,,,,
2613,11-Nov-25,N8,FG - AHA Face Wash - 100ml,2,,Cleanser,1228.81,62.50%,40.00%,"1,474.58",265.42,1740,FALSE,,,,,,,,,,,,,,,,
2613,11-Nov-25,N8,FG - Mineral Drops - 10ml,2,,SPF,542.37,62.50%,40.00%,650.85,117.15,768,FALSE,,,,,,,,,,,,,,,,
2613,11-Nov-25,N8,FG - Overnight Peel - 10ml,1,,Serum,847.46,62.50%,40.00%,508.47,91.53,600,FALSE,,,,,,,,,,,,,,,,
2613,11-Nov-25,N8,FG - Clarifying Concentrate - 10ml,1,,Serum,661.02,62.50%,40.00%,396.61,71.39,468,FALSE,,,,,,,,,,,,,,,,
2613,11-Nov-25,N8,FG - Skin Perfecting Serum - 10ml,1,,Serum,830.51,62.50%,40.00%,498.31,89.69,588,FALSE,,,,,,,,,,,,,,,,
2614,11-Nov-25,R,FG - Cream Cleanser - 100ml,1,,Cleanser,1483.05,,55.00%,815.68,146.82,962.5,FALSE,,,,,,,,,,,,,,,,
2614,11-Nov-25,R,FG - Correcting Concentrate - 30ml,2,,Serum,3050.85,,55.00%,"3,355.93",604.07,3960,FALSE,,,,,,,,,,,,,,,,
2614,11-Nov-25,R,FG - Longevity Serum - 30ml,2,,Serum,1652.54,,55.00%,"1,817.80",327.2,2145,FALSE,,,,,,,,,,,,,,,,
2614,11-Nov-25,R,FG - Melting Balm Cleanser - 50ml,1,,Cleanser,1016.95,,55.00%,559.32,100.68,660,FALSE,,,,,,,,,,,,,,,,
2614,11-Nov-25,R,FG - Soothing Cream - 50ml,2,,Cream,1864.41,,55.00%,"2,050.85",369.15,2420,FALSE,,,,,,,,,,,,,,,,
2615,12-Nov-25,1C,FG - AHA Face Wash - 100ml,2,,Cleanser,1228.81,45.00%,20.00%,"1,597.46",287.54,1885,FALSE,,,,,,,,,,,,,,,,
2615,12-Nov-25,1C,FG - Antioxidant Body Scrub - 200ml,2,,Body,1991.53,45.00%,20.00%,"2,588.98",466.02,3055,FALSE,,,,,,,,,,,,,,,,
2615,12-Nov-25,1C,FG - Sea Salt Body Scrub - 200ml,2,,Body,2245.76,45.00%,20.00%,"2,919.49",525.51,3445,FALSE,,,,,,,,,,,,,,,,
2615,12-Nov-25,1C,FG - VitB Body Lotion - 100ml,4,,Body,1398.31,45.00%,20.00%,"3,635.59",654.41,4290,FALSE,,,,,,,,,,,,,,,,
2615,12-Nov-25,1C,FG - VitC Body Oil - 100ml,4,,Body,1144.07,45.00%,20.00%,"2,974.58",535.42,3510,FALSE,,,,,,,,,,,,,,,,
2616,12-Nov-25,1B,FG - AHA Face Wash - 100ml,2,,Cleanser,1228.81,45.00%,20.00%,"1,597.46",287.54,1885,FALSE,,,,,,,,,,,,,,,,
2616,12-Nov-25,1B,FG - Drating Cream - 50ml,2,,Cream,2330.51,45.00%,20.00%,"3,029.66",545.34,3575,FALSE,,,,,,,,,,,,,,,,
2616,12-Nov-25,1B,FG - Mineral Drops - 30ml,2,,SPF,1355.93,45.00%,20.00%,"1,762.71",317.29,2080,FALSE,,,,,,,,,,,,,,,,
2616,12-Nov-25,1B,FG - Skin Perfecting Serum - 30ml,2,,Serum,2076.27,45.00%,20.00%,"2,699.15",485.85,3185,FALSE,,,,,,,,,,,,,,,,
2616,12-Nov-25,1B,FG - Eye Care Ritual Kit,2,,Kit,10169.49,45.00%,20.00%,"12,203.39",2196.61,14400,TRUE,,,,,,,,,,,,,,,,
2616,12-Nov-25,1B,FG - Radiance AntiOx Treatment Kit,2,,Kit,10169.49,45.00%,20.00%,"12,203.39",2196.61,14400,TRUE,,,,,,,,,,,,,,,,
2617,12-Nov-25,Y,FG - Eye Care Ritual Kit,1,,Kit,10169.49,50.00%,45.00%,"5,084.75",915.25,6000,TRUE,,,,,,,,,,,,,,,,
2617,12-Nov-25,Y,FG - Overnight Peel - 30ml,2,,Serum,2118.64,50.00%,45.00%,"2,330.51",419.49,2750,FALSE,,,,,,,,,,,,,,,,
2617,12-Nov-25,Y,FG - Correcting Concentrate - 30ml,1,,Serum,3050.85,50.00%,45.00%,"1,677.97",302.03,1980,FALSE,,,,,,,,,,,,,,,,
2617,12-Nov-25,Y,FG - AHA Face Wash - 100ml,2,,Cleanser,1228.81,50.00%,45.00%,"1,351.69",243.31,1595,FALSE,,,,,,,,,,,,,,,,
2617,12-Nov-25,Y,FG - Clarifying Concentrate - 30ml,2,,Serum,1652.54,50.00%,45.00%,"1,817.80",327.2,2145,FALSE,,,,,,,,,,,,,,,,
2617,12-Nov-25,Y,FG - Milky Mineral Sunscreen - 40ml,4,,SPF,2372.88,50.00%,45.00%,"5,220.34",939.66,6160,FALSE,,,,,,,,,,,,,,,,
2617,12-Nov-25,Y,FG - VitC Body Oil - 100ml,2,,Body,1144.07,50.00%,45.00%,"1,258.47",226.53,1485,FALSE,,,,,,,,,,,,,,,,
2617,12-Nov-25,Y,FG - Nourishing Sleep Oil - 30ml,1,,Oil,2033.9,50.00%,45.00%,"1,118.64",201.36,1320,FALSE,,,,,,,,,,,,,,,,
2618,12-Nov-25,N6,FG - MultiPeptide Ageing Treatment Kit,3,,Kit,10169.49,62.50%,40.00%,"11,440.68",2059.32,13500,TRUE,,,,,,,,,,,,,,,,
2618,12-Nov-25,N6,FG - Radiance AntiOx Treatment Kit,1,,Kit,10169.49,62.50%,40.00%,"3,813.56",686.44,4500,TRUE,,,,,,,,,,,,,,,,
2618,12-Nov-25,N6,FG - Eye Care Ritual Kit,1,,Kit,10169.49,62.50%,40.00%,"3,813.56",686.44,4500,TRUE,,,,,,,,,,,,,,,,
2619,12-Nov-25,N Warehouse,FG - Face Scrub - 250ml,0,,B2B,6144.07,60.00%,60.00%,0,0,0,TRUE,,,,,,,,,,,,,,,,
2619,12-Nov-25,N Warehouse,FG - MultiPeptide Ageing Treatment Kit,16,,Kit,10169.49,62.50%,40.00%,"61,016.95",10983.05,72000,TRUE,,,,,,,,,,,,,,,,
2619,12-Nov-25,N Warehouse,FG - Radiance AntiOx Treatment Kit,14,,Kit,10169.49,62.50%,40.00%,"53,389.83",9610.17,63000,TRUE,,,,,,,,,,,,,,,,
2620,12-Nov-25,Q,FG - CityLife Dration Treatment Kit,1,,Kit,7627.12,46.67%,46.67%,"2,542.12",457.58,2999.7,TRUE,,,,,,,,,,,,,,,,
2620,12-Nov-25,Q,FG - Radiance AntiOx Treatment Kit,1,,Kit,10169.49,52.50%,52.50%,"3,813.56",686.44,4500,TRUE,,,,,,,,,,,,,,,,
2620,12-Nov-25,Q,FG - Clarifying Mineral Treatment Kit,1,,Kit,7627.12,46.67%,46.67%,"2,542.12",457.58,2999.7,TRUE,,,,,,,,,,,,,,,,
2620,12-Nov-25,Q,FG - Eye Serum - 10ml,5,,Serum,1567.8,50.00%,40.00%,"4,703.39",846.61,5550,FALSE,,,,,,,,,,,,,,,,
2621,11-Nov-25,O,FG - MultiPeptide Ageing Treatment Kit,6,,Kit,10169.49,55.00%,30.00%,"18,305.08",3294.92,21600,TRUE,,,,,,,,,,,,,,,,
2621,11-Nov-25,O,FG - Radiance AntiOx Treatment Kit,4,,Kit,10169.49,55.00%,30.00%,"12,203.39",2196.61,14400,TRUE,,,,,,,,,,,,,,,,
2621,11-Nov-25,O,FG - Clarifying Mineral Treatment Kit,2,,Kit,7627.12,55.00%,30.00%,"4,576.27",823.73,5400,TRUE,,,,,,,,,,,,,,,,
2621,11-Nov-25,O,FG - AHA Power Peel - 50ml,20,,Masks & Exfoliators,1864.41,55.00%,30.00%,"16,779.66",3020.34,19800,FALSE,,,,,,,,,,,,,,,,
2621,11-Nov-25,O,FG - Clarifying Concentrate - 30ml,100,,Serum,1652.54,55.00%,30.00%,"74,364.41",13385.59,87750,FALSE,,,,,,,,,,,,,,,,
2621,11-Nov-25,O,FG - Longevity Serum - 30ml,200,,Serum,1652.54,55.00%,30.00%,"1,48,728.81",26771.19,175500,FALSE,,,,,,,,,,,,,,,,
2621,11-Nov-25,O,FG - Longevity Serum - 10ml,200,,Serum,661.02,55.00%,30.00%,"59,491.53",10708.47,70200,FALSE,,,,,,,,,,,,,,,,
2621,11-Nov-25,O,FG - Regenerating Serum - 30ml,20,,Serum,3389.83,55.00%,30.00%,"30,508.47",5491.53,36000,FALSE,,,,,,,,,,,,,,,,
2621,11-Nov-25,O,FG - Regenerating Serum - 10ml,50,,Serum,1355.93,55.00%,30.00%,"30,508.47",5491.53,36000,FALSE,,,,,,,,,,,,,,,,
2621,11-Nov-25,O,FG - Radiance Face Oil - 30ml,20,,Oil,3008.47,55.00%,30.00%,"27,076.27",4873.73,31950,FALSE,,,,,,,,,,,,,,,,
2621,11-Nov-25,O,FG - Radiance Face Oil - 10ml,100,,Oil,1228.81,55.00%,30.00%,"55,296.61",9953.39,65250,FALSE,,,,,,,,,,,,,,,,
2621,11-Nov-25,O,FG - Nourishing Sleep Oil - 30ml,20,,Oil,2033.9,55.00%,30.00%,"18,305.08",3294.92,21600,FALSE,,,,,,,,,,,,,,,,
2621,11-Nov-25,O,FG - Soothing Cream - 50ml,200,,Cream,1864.41,55.00%,30.00%,"1,67,796.61",30203.39,198000,FALSE,,,,,,,,,,,,,,,,
2621,11-Nov-25,O,FG - Night Repair Cream- 30ml,100,,Cream,2245.76,55.00%,30.00%,"1,01,059.32",18190.68,119250,FALSE,,,,,,,,,,,,,,,,
2621,11-Nov-25,O,FG - Milky Mineral Sunscreen - 40ml,50,,SPF,2372.88,55.00%,30.00%,"53,389.83",9610.17,63000,FALSE,,,,,,,,,,,,,,,,
2621,11-Nov-25,O,FG - Eye Serum - 10ml,100,,Serum,1567.8,55.00%,30.00%,"70,550.85",12699.15,83250,FALSE,,,,,,,,,,,,,,,,
2622,13-Nov-25,N9,FG - AHA Face Wash - 100ml,6,,Cleanser,1228.81,62.50%,40.00%,"4,423.73",796.27,5220,FALSE,,,,,,,,,,,,,,,,
2622,13-Nov-25,N9,FG - Copper Peptide Serum - 10ml,10,,Serum,1559.32,62.50%,40.00%,"9,355.93",1684.07,11040,FALSE,,,,,,,,,,,,,,,,
2622,13-Nov-25,N9,FG - Milky Mineral Sunscreen - 40ml,5,,SPF,2372.88,62.50%,40.00%,"7,118.64",1281.36,8400,FALSE,,,,,,,,,,,,,,,,
2622,13-Nov-25,N9,FG - Mineral Drops - 10ml,3,,SPF,542.37,62.50%,40.00%,976.27,175.73,1152,FALSE,,,,,,,,,,,,,,,,
2622,13-Nov-25,N9,FG - Eye Care Ritual Kit,2,,Kit,10169.49,62.50%,40.00%,"7,627.12",1372.88,9000,TRUE,,,,,,,,,,,,,,,,
2622,13-Nov-25,N9,FG - Radiance AntiOx Treatment Kit,1,,Kit,10169.49,62.50%,40.00%,"3,813.56",686.44,4500,TRUE,,,,,,,,,,,,,,,,
2622,13-Nov-25,N9,FG - MultiPeptide Ageing Treatment Kit,3,,Kit,10169.49,62.50%,40.00%,"11,440.68",2059.32,13500,TRUE,,,,,,,,,,,,,,,,
2622,13-Nov-25,N9,FG - AHA Power Peel - 50ml,2,,Masks & Exfoliators,1864.41,62.50%,40.00%,"2,237.29",402.71,2640,FALSE,,,,,,,,,,,,,,,,
2622,13-Nov-25,N9,FG - Overnight Peel - 10ml,3,,Serum,847.46,62.50%,40.00%,"1,525.42",274.58,1800,FALSE,,,,,,,,,,,,,,,,
2622,13-Nov-25,N9,FG - Skin Perfecting Serum - 10ml,3,,Serum,830.51,62.50%,40.00%,"1,494.92",269.08,1764,FALSE,,,,,,,,,,,,,,,,
2622,13-Nov-25,N9,FG - Bio-Retinol Cream - 30ml,2,,Cream,2415.25,62.50%,40.00%,"2,898.31",521.69,3420,FALSE,,,,,,,,,,,,,,,,
2622,13-Nov-25,N9,FG - Radiance Face Oil - 10ml,3,,Oil,1228.81,62.50%,40.00%,"2,211.86",398.14,2610,FALSE,,,,,,,,,,,,,,,,
2622,13-Nov-25,N9,FG - VitC Body Oil - 100ml,4,,Body,1144.07,62.50%,40.00%,"2,745.76",494.24,3240,FALSE,,,,,,,,,,,,,,,,
2623,13-Nov-25,6B,FG - CityLife Dration Treatment Kit,1,,Kit,7627.12,40.00%,25.00%,"3,317.80",597.2,3915,TRUE,,,,,,,,,,,,,,,,
2623,13-Nov-25,6B,FG - Milky Mineral Sunscreen - 40ml,3,,SPF,2372.88,40.00%,25.00%,"4,954.58",891.82,5846.4,FALSE,,,,,,,,,,,,,,,,
2623,13-Nov-25,6B,FG - Night Repair Cream- 30ml,3,,Cream,2245.76,40.00%,25.00%,"4,689.15",844.05,5533.2,FALSE,,,,,,,,,,,,,,,,
2623,13-Nov-25,6B,FG - Overnight Peel - 10ml,2,,Serum,847.46,40.00%,25.00%,"1,179.66",212.34,1392,FALSE,,,,,,,,,,,,,,,,
2623,13-Nov-25,6B,FG - Radiance AntiOx Treatment Kit,1,,Kit,10169.49,40.00%,25.00%,"4,423.73",796.27,5220,TRUE,,,,,,,,,,,,,,,,
2623,13-Nov-25,6B,FG - Radiance Face Oil - 10ml,1,,Oil,1228.81,40.00%,25.00%,855.25,153.95,1009.2,FALSE,,,,,,,,,,,,,,,,
2623,13-Nov-25,6C,FG - Regenerating Serum - 10ml,3,,Serum,1355.93,40.00%,25.00%,"2,831.19",509.61,3340.8,FALSE,,,,,,,,,,,,,,,,
2624,14-Nov-25,F,FG - Eye Serum - 10ml,93,15-Nov-25,Serum,1567.8,,36.00%,"93,315.25",16796.75,110112,FALSE,,,,,,,,,,,,,,,,
2624,14-Nov-25,F,FG - VitC Body Oil - 100ml,41,15-Nov-25,Body,1144.07,,36.00%,"30,020.34",5403.66,35424,FALSE,,,,,,,,,,,,,,,,
2624,14-Nov-25,F,FG - Copper Peptide Serum - 10ml,10,15-Nov-25,Serum,1559.32,,36.00%,"9,979.66",1796.34,11776,FALSE,,,,,,,,,,,,,,,,
2624,14-Nov-25,F,FG - Melting Balm Cleanser - 50ml,6,15-Nov-25,Cleanser,1016.95,,36.00%,"3,905.08",702.92,4608,FALSE,,,,,,,,,,,,,,,,
2624,14-Nov-25,F,FG - Night Repair Cream- 30ml,2,15-Nov-25,Cream,2245.76,,36.00%,"2,874.58",517.42,3392,FALSE,,,,,,,,,,,,,,,,
2624,14-Nov-25,F,FG - Bio-Retinol Cream - 30ml,1,15-Nov-25,Cream,2415.25,,36.00%,"1,545.76",278.24,1824,FALSE,,,,,,,,,,,,,,,,
2624,14-Nov-25,F,FG - Correcting Concentrate - 30ml,1,15-Nov-25,Serum,3050.85,,36.00%,"1,952.54",351.46,2304,FALSE,,,,,,,,,,,,,,,,
2624,14-Nov-25,F,FG - AHA Face Wash - 100ml,1,15-Nov-25,Cleanser,1228.81,,36.00%,786.44,141.56,928,FALSE,,,,,,,,,,,,,,,,
2625,14-Nov-25,B,FG - Eye Serum - 10ml,107,23-Nov-25,Serum,1567.8,,36.00%,"1,07,362.71",19325.29,126688,FALSE,,,,,,,,,,,,,,,,
2625,14-Nov-25,B,FG - VitC Body Oil - 100ml,49,23-Nov-25,Body,1144.07,,36.00%,"35,877.97",6458.03,42336,FALSE,,,,,,,,,,,,,,,,
2625,14-Nov-25,B,FG - Copper Peptide Serum - 10ml,16,23-Nov-25,Serum,1559.32,,36.00%,"15,967.46",2874.14,18841.6,FALSE,,,,,,,,,,,,,,,,
2625,14-Nov-25,B,FG - Melting Balm Cleanser - 50ml,4,23-Nov-25,Cleanser,1016.95,,36.00%,"2,603.39",468.61,3072,FALSE,,,,,,,,,,,,,,,,
2625,14-Nov-25,B,FG - AHA Face Wash - 100ml,3,23-Nov-25,Cleanser,1228.81,,36.00%,"2,359.32",424.68,2784,FALSE,,,,,,,,,,,,,,,,
2625,14-Nov-25,B,FG - Milky Mineral Sunscreen - 40ml,2,23-Nov-25,SPF,2372.88,,36.00%,"3,037.29",546.71,3584,FALSE,,,,,,,,,,,,,,,,
2625,14-Nov-25,B,FG - Copper Peptide Serum - 30ml,1,23-Nov-25,Serum,3898.31,,36.00%,"2,494.92",449.08,2944,FALSE,,,,,,,,,,,,,,,,
2625,14-Nov-25,B,FG - Sea Salt Body Scrub - 200ml,1,23-Nov-25,Body,2245.76,,36.00%,"1,437.29",258.71,1696,FALSE,,,,,,,,,,,,,,,,
2625,14-Nov-25,B,FG - Night Repair Cream- 30ml,1,23-Nov-25,Cream,2245.76,,36.00%,"1,437.29",258.71,1696,FALSE,,,,,,,,,,,,,,,,
2626,15-Nov-25,G,FG - Eye Serum - 10ml,77,23-Nov-25,Serum,1567.8,,36.00%,"77,261.02",13906.98,91168,FALSE,,,,,,,,,,,,,,,,
2626,15-Nov-25,G,FG - VitC Body Oil - 100ml,38,23-Nov-25,Body,1144.07,,36.00%,"27,823.73",5008.27,32832,FALSE,,,,,,,,,,,,,,,,
2626,15-Nov-25,G,FG - Copper Peptide Serum - 10ml,9,23-Nov-25,Serum,1559.32,,36.00%,"8,981.69",1616.71,10598.4,FALSE,,,,,,,,,,,,,,,,
2626,15-Nov-25,G,FG - AHA Face Wash - 100ml,3,23-Nov-25,Cleanser,1228.81,,36.00%,"2,359.32",424.68,2784,FALSE,,,,,,,,,,,,,,,,
2626,15-Nov-25,G,FG - AHA Power Peel - 50ml,1,23-Nov-25,Masks & Exfoliators,1864.41,,36.00%,"1,193.22",214.78,1408,FALSE,,,,,,,,,,,,,,,,
2626,15-Nov-25,G,FG - Bio-Retinol Cream - 30ml,1,23-Nov-25,Cream,2415.25,,36.00%,"1,545.76",278.24,1824,FALSE,,,,,,,,,,,,,,,,
2626,15-Nov-25,G,FG - Copper Peptide Serum - 30ml,1,23-Nov-25,Serum,3898.31,,36.00%,"2,494.92",449.08,2944,FALSE,,,,,,,,,,,,,,,,
2626,15-Nov-25,G,FG - Correcting Concentrate - 30ml,1,23-Nov-25,Serum,3050.85,,36.00%,"1,952.54",351.46,2304,FALSE,,,,,,,,,,,,,,,,
2626,15-Nov-25,G,FG - Night Repair Cream- 30ml,1,23-Nov-25,Cream,2245.76,,36.00%,"1,437.29",258.71,1696,FALSE,,,,,,,,,,,,,,,,
2627,14-Nov-25,D,FG - Eye Serum - 10ml,67,20-Nov-25,Serum,1567.8,,36.00%,"67,227.12",12100.88,79328,FALSE,,,,,,,,,,,,,,,,
2627,14-Nov-25,D,FG - Copper Peptide Serum - 10ml,9,20-Nov-25,Serum,1559.32,,36.00%,"8,981.69",1616.71,10598.4,FALSE,,,,,,,,,,,,,,,,
2627,14-Nov-25,D,FG - Milky Mineral Sunscreen - 40ml,4,20-Nov-25,SPF,2372.88,,36.00%,"6,074.58",1093.42,7168,FALSE,,,,,,,,,,,,,,,,
2627,14-Nov-25,D,FG - Melting Balm Cleanser - 50ml,2,20-Nov-25,Cleanser,1016.95,,36.00%,"1,301.69",234.31,1536,FALSE,,,,,,,,,,,,,,,,
2627,14-Nov-25,D,FG - AHA Face Wash - 100ml,2,20-Nov-25,Cleanser,1228.81,,36.00%,"1,572.88",283.12,1856,FALSE,,,,,,,,,,,,,,,,
2627,14-Nov-25,D,FG - Copper Peptide Serum - 30ml,1,20-Nov-25,Serum,3898.31,,36.00%,"2,494.92",449.08,2944,FALSE,,,,,,,,,,,,,,,,
2627,14-Nov-25,D,FG - Sea Salt Body Scrub - 200ml,1,20-Nov-25,Body,2245.76,,36.00%,"1,437.29",258.71,1696,FALSE,,,,,,,,,,,,,,,,
2627,14-Nov-25,D,FG - Night Repair Cream- 30ml,1,20-Nov-25,Cream,2245.76,,36.00%,"1,437.29",258.71,1696,FALSE,,,,,,,,,,,,,,,,
2628,18-Nov-25,G,FG - Eye Serum - 10ml,53,25-Nov-25,Serum,1567.8,,36.00%,"53,179.66",9572.34,62752,FALSE,,,,,,,,,,,,,,,,
2628,18-Nov-25,G,FG - VitC Body Oil - 100ml,18,25-Nov-25,Body,1144.07,,36.00%,"13,179.66",2372.34,15552,FALSE,,,,,,,,,,,,,,,,
2628,18-Nov-25,G,FG - Milky Mineral Sunscreen - 40ml,4,25-Nov-25,SPF,2372.88,,36.00%,"6,074.58",1093.42,7168,FALSE,,,,,,,,,,,,,,,,
2628,18-Nov-25,G,FG - Copper Peptide Serum - 10ml,3,25-Nov-25,Serum,1559.32,,36.00%,"2,993.90",538.9,3532.8,FALSE,,,,,,,,,,,,,,,,
2628,18-Nov-25,G,FG - AHA Power Peel - 50ml,1,25-Nov-25,Masks & Exfoliators,1864.41,,36.00%,"1,193.22",214.78,1408,FALSE,,,,,,,,,,,,,,,,
2628,18-Nov-25,G,FG - Sea Salt Body Scrub - 200ml,1,25-Nov-25,Body,2245.76,,36.00%,"1,437.29",258.71,1696,FALSE,,,,,,,,,,,,,,,,
2628,18-Nov-25,G,FG - Melting Balm Cleanser - 50ml,1,25-Nov-25,Cleanser,1016.95,,36.00%,650.85,117.15,768,FALSE,,,,,,,,,,,,,,,,
2628,18-Nov-25,G,FG - Correcting Concentrate - 30ml,1,25-Nov-25,Serum,3050.85,,36.00%,"1,952.54",351.46,2304,FALSE,,,,,,,,,,,,,,,,
2628,18-Nov-25,G,FG - AHA Face Wash - 100ml,1,25-Nov-25,Cleanser,1228.81,,36.00%,786.44,141.56,928,FALSE,,,,,,,,,,,,,,,,
2629,14-Nov-25,C,FG - Eye Serum - 10ml,47,21-Nov-25,Serum,1567.8,,36.00%,"47,159.32",8488.68,55648,FALSE,,,,,,,,,,,,,,,,
2629,14-Nov-25,C,FG - AHA Face Wash - 100ml,7,21-Nov-25,Cleanser,1228.81,,36.00%,"5,505.08",990.92,6496,FALSE,,,,,,,,,,,,,,,,
2629,14-Nov-25,C,FG - Melting Balm Cleanser - 50ml,4,21-Nov-25,Cleanser,1016.95,,36.00%,"2,603.39",468.61,3072,FALSE,,,,,,,,,,,,,,,,
2629,14-Nov-25,C,FG - AHA Power Peel - 50ml,2,21-Nov-25,Masks & Exfoliators,1864.41,,36.00%,"2,386.44",429.56,2816,FALSE,,,,,,,,,,,,,,,,
2629,14-Nov-25,C,FG - Bio-Retinol Cream - 30ml,2,21-Nov-25,Cream,2415.25,,36.00%,"3,091.53",556.47,3648,FALSE,,,,,,,,,,,,,,,,
2629,14-Nov-25,C,FG - Milky Mineral Sunscreen - 40ml,1,21-Nov-25,SPF,2372.88,,36.00%,"1,518.64",273.36,1792,FALSE,,,,,,,,,,,,,,,,
2629,14-Nov-25,C,FG - VitB Body Lotion - 100ml,1,21-Nov-25,Body,1398.31,,36.00%,894.92,161.08,1056,FALSE,,,,,,,,,,,,,,,,
2629,14-Nov-25,C,FG - Copper Peptide Serum - 30ml,1,21-Nov-25,Serum,3898.31,,36.00%,"2,494.92",449.08,2944,FALSE,,,,,,,,,,,,,,,,
2629,14-Nov-25,C,FG - Sea Salt Body Scrub - 200ml,1,21-Nov-25,Body,2245.76,,36.00%,"1,437.29",258.71,1696,FALSE,,,,,,,,,,,,,,,,
2629,14-Nov-25,C,FG - Correcting Concentrate - 30ml,1,21-Nov-25,Serum,3050.85,,36.00%,"1,952.54",351.46,2304,FALSE,,,,,,,,,,,,,,,,
2630,14-Nov-25,A,FG - Eye Serum - 10ml,33,25-Nov-25,Serum,1567.8,,36.00%,"33,111.86",5960.14,39072,FALSE,,,,,,,,,,,,,,,,
2630,14-Nov-25,A,FG - VitC Body Oil - 100ml,18,25-Nov-25,Body,1144.07,,36.00%,"13,179.66",2372.34,15552,FALSE,,,,,,,,,,,,,,,,
2630,14-Nov-25,A,FG - Milky Mineral Sunscreen - 40ml,2,25-Nov-25,SPF,2372.88,,36.00%,"3,037.29",546.71,3584,FALSE,,,,,,,,,,,,,,,,
2630,14-Nov-25,A,FG - Melting Balm Cleanser - 50ml,2,25-Nov-25,Cleanser,1016.95,,36.00%,"1,301.69",234.31,1536,FALSE,,,,,,,,,,,,,,,,
2630,14-Nov-25,A,FG - Copper Peptide Serum - 10ml,2,25-Nov-25,Serum,1559.32,,36.00%,"1,995.93",359.27,2355.2,FALSE,,,,,,,,,,,,,,,,
2630,14-Nov-25,A,FG - Copper Peptide Serum - 30ml,1,25-Nov-25,Serum,3898.31,,36.00%,"2,494.92",449.08,2944,FALSE,,,,,,,,,,,,,,,,
2630,14-Nov-25,A,FG - Correcting Concentrate - 30ml,1,25-Nov-25,Serum,3050.85,,36.00%,"1,952.54",351.46,2304,FALSE,,,,,,,,,,,,,,,,
2631,19-Nov-25,A,FG - Eye Serum - 10ml,17,29-Nov-25,Serum,1567.8,,36.00%,"17,057.63",3070.37,20128,FALSE,,,,,,,,,,,,,,,,
2631,19-Nov-25,A,FG - VitC Body Oil - 100ml,13,29-Nov-25,Body,1144.07,,36.00%,"9,518.64",1713.36,11232,FALSE,,,,,,,,,,,,,,,,
2631,19-Nov-25,A,FG - Sea Salt Body Scrub - 200ml,1,29-Nov-25,Body,2245.76,,36.00%,"1,437.29",258.71,1696,FALSE,,,,,,,,,,,,,,,,
2631,19-Nov-25,A,FG - AHA Face Wash - 100ml,1,29-Nov-25,Cleanser,1228.81,,36.00%,786.44,141.56,928,FALSE,,,,,,,,,,,,,,,,
2632,17-Nov-25,B,FG - Copper Peptide Serum - 10ml,10,25-Nov-25,Serum,1559.32,,36.00%,"9,979.66",1796.34,11776,FALSE,,,,,,,,,,,,,,,,
2632,17-Nov-25,B,FG - Milky Mineral Sunscreen - 40ml,5,25-Nov-25,SPF,2372.88,,36.00%,"7,593.22",1366.78,8960,FALSE,,,,,,,,,,,,,,,,
2632,17-Nov-25,B,FG - AHA Face Wash - 100ml,5,25-Nov-25,Cleanser,1228.81,,36.00%,"3,932.20",707.8,4640,FALSE,,,,,,,,,,,,,,,,
2632,17-Nov-25,B,FG - Melting Balm Cleanser - 50ml,4,25-Nov-25,Cleanser,1016.95,,36.00%,"2,603.39",468.61,3072,FALSE,,,,,,,,,,,,,,,,
2632,17-Nov-25,B,FG - Copper Peptide Serum - 30ml,2,25-Nov-25,Serum,3898.31,,36.00%,"4,989.83",898.17,5888,FALSE,,,,,,,,,,,,,,,,
2632,17-Nov-25,B,FG - Correcting Concentrate - 30ml,1,25-Nov-25,Serum,3050.85,,36.00%,"1,952.54",351.46,2304,FALSE,,,,,,,,,,,,,,,,
2632,17-Nov-25,B,FG - Night Repair Cream- 30ml,1,25-Nov-25,Cream,2245.76,,36.00%,"1,437.29",258.71,1696,FALSE,,,,,,,,,,,,,,,,
2633,13-Nov-25,N11,FG - Eye Care Ritual Kit,1,,Kit,10169.49,62.50%,40.00%,"3,813.56",686.44,4500,TRUE,,,,,,,,,,,,,,,,
2633,13-Nov-25,N11,FG - MultiPeptide Ageing Treatment Kit,2,,Kit,10169.49,62.50%,40.00%,"7,627.12",1372.88,9000,TRUE,,,,,,,,,,,,,,,,
2633,13-Nov-25,N11,FG - Radiance AntiOx Treatment Kit,1,,Kit,10169.49,62.50%,40.00%,"3,813.56",686.44,4500,TRUE,,,,,,,,,,,,,,,,
2633,13-Nov-25,N11,FG - Copper Peptide Serum - 10ml,3,,Serum,1559.32,62.50%,40.00%,"2,806.78",505.22,3312,FALSE,,,,,,,,,,,,,,,,
2633,13-Nov-25,N11,FG - Eye Serum - 10ml,3,,Serum,1567.8,62.50%,40.00%,"2,822.03",507.97,3330,FALSE,,,,,,,,,,,,,,,,
2633,13-Nov-25,N11,FG - Melting Balm Cleanser - 50ml,3,,Cleanser,1016.95,62.50%,40.00%,"1,830.51",329.49,2160,FALSE,,,,,,,,,,,,,,,,
2634,13-Nov-25,2A,FG - CityLife Dration Treatment Kit,1,,Kit,7627.12,20.00%,25.00%,"3,813.56",686.44,4500,TRUE,,,,,,,,,,,,,,,,
2634,13-Nov-25,2A,FG - MultiPeptide Ageing Treatment Kit,1,,Kit,10169.49,20.00%,25.00%,"5,084.75",915.25,6000,TRUE,,,,,,,,,,,,,,,,
2635,14-Nov-25,N11,FG - Radiance AntiOx Treatment Kit,2,,Kit,10169.49,62.50%,40.00%,"7,627.12",1372.88,9000,TRUE,,,,,,,,,,,,,,,,
2635,14-Nov-25,N11,FG - MultiPeptide Ageing Treatment Kit,1,,Kit,10169.49,62.50%,40.00%,"3,813.56",686.44,4500,TRUE,,,,,,,,,,,,,,,,
2635,14-Nov-25,N11,FG - Eye Care Ritual Kit,1,,Kit,10169.49,62.50%,40.00%,"3,813.56",686.44,4500,TRUE,,,,,,,,,,,,,,,,
2636,14-Nov-25,X,FG - Antioxidant Body Scrub - 200ml,30,,Body,1991.53,50.00%,50.00%,"29,872.88",5377.12,35250,FALSE,,,,,,,,,,,,,,,,
2637,17-Nov-25,F,FG - The Starter Kit,25,18-Nov-25,Combo,2737.29,,36.00%,"43,796.61",7883.39,51680,FALSE,,,,,,,,,,,,,,,,
2638,17-Nov-25,B,FG - The Starter Kit,25,25-Nov-25,Combo,2737.29,,36.00%,"43,796.61",7883.39,51680,FALSE,,,,,,,,,,,,,,,,
2639,14-Nov-25,N7,FG - MultiPeptide Ageing Treatment Kit,2,,Kit,10169.49,62.50%,40.00%,"7,627.12",1372.88,9000,TRUE,,,,,,,,,,,,,,,,
2639,14-Nov-25,N7,FG - Radiance AntiOx Treatment Kit,2,,Kit,10169.49,62.50%,40.00%,"7,627.12",1372.88,9000,TRUE,,,,,,,,,,,,,,,,
2640,17-Nov-25,1E,FG - CityLife Dration Treatment Kit,4,,Kit,7627.12,45.00%,20.00%,"18,305.08",3294.92,21600,TRUE,,,,,,,,,,,,,,,,
2640,17-Nov-25,1E,FG - Radiance AntiOx Treatment Kit,5,,Kit,10169.49,45.00%,20.00%,"30,508.47",5491.53,36000,TRUE,,,,,,,,,,,,,,,,
2640,17-Nov-25,1E,FG - MultiPeptide Ageing Treatment Kit,4,,Kit,10169.49,45.00%,20.00%,"24,406.78",4393.22,28800,TRUE,,,,,,,,,,,,,,,,
2640,17-Nov-25,1E,FG - Eye Care Ritual Kit,4,,Kit,10169.49,45.00%,20.00%,"24,406.78",4393.22,28800,TRUE,,,,,,,,,,,,,,,,
2640,17-Nov-25,1E,FG - Drating Cream - 50ml,10,,Cream,2330.51,45.00%,20.00%,"15,148.31",2726.69,17875,FALSE,,,,,,,,,,,,,,,,
2641,17-Nov-25,4C,FG - Melting Balm Cleanser - 50ml,2,,Cleanser,1016.95,35.00%,20.00%,"1,423.73",256.27,1680,FALSE,,,,,,,,,,,,,,,,
2641,17-Nov-25,4C,FG - Radiance AntiOx Treatment Kit,2,,Kit,10169.49,35.00%,20.00%,"12,203.39",2196.61,14400,TRUE,,,,,,,,,,,,,,,,
2641,17-Nov-25,4C,FG - MultiPeptide Ageing Treatment Kit,2,,Kit,10169.49,35.00%,20.00%,"12,203.39",2196.61,14400,TRUE,,,,,,,,,,,,,,,,
2641,17-Nov-25,4C,FG - Milky Mineral Sunscreen - 40ml,1,,SPF,2372.88,35.00%,20.00%,"1,661.02",298.98,1960,FALSE,,,,,,,,,,,,,,,,
2642,17-Nov-25,1A,FG - AHA Body Wash - 150ml,5,,Body,1398.31,45.00%,20.00%,"4,544.49",818.01,5362.5,FALSE,,,,,,,,,,,,,,,,
2642,17-Nov-25,1A,FG - AHA Power Peel - 50ml,5,,Masks & Exfoliators,1864.41,45.00%,20.00%,"6,059.32",1090.68,7150,FALSE,,,,,,,,,,,,,,,,
2642,17-Nov-25,1A,FG - Nordic Mud Mask 200ml,0,,B2B,6355.93,45.00%,20.00%,0,0,0,TRUE,,,,,,,,,,,,,,,,
2642,17-Nov-25,1A,FG - Marine Clay Mask 200ml,3,,B2B,5338.98,45.00%,20.00%,"9,610.17",1729.83,11340,TRUE,,,,,,,,,,,,,,,,
2642,17-Nov-25,1A,FG - Antioxidant Body Scrub - 200ml,3,,Body,1991.53,45.00%,20.00%,"3,883.47",699.03,4582.5,FALSE,,,,,,,,,,,,,,,,
2642,17-Nov-25,1A,FG - Sea Salt Body Scrub - 200ml,3,,Body,2245.76,45.00%,20.00%,"4,379.24",788.26,5167.5,FALSE,,,,,,,,,,,,,,,,
2643,17-Nov-25,5B,FG - Scalp Oil 15ml,30,,B2B,137.14,40.00%,40.00%,"2,468.57",444.34,2912.91,TRUE,,,,,,,,,,,,,,,,
2644,20-Nov-25,G,FG - Milky Mineral Sunscreen - 40ml,18,23-Nov-25,SPF,2372.88,,36.00%,"27,335.59",4920.41,32256,FALSE,,,,,,,,,,,,,,,,
2645,20-Nov-25,B,FG - Milky Mineral Sunscreen - 40ml,18,23-Nov-25,SPF,2372.88,,36.00%,"27,335.59",4920.41,32256,FALSE,,,,,,,,,,,,,,,,
2646,18-Nov-25,A,FG - Milky Mineral Sunscreen - 40ml,14,27-Nov-25,SPF,2372.88,,36.00%,"21,261.02",3826.98,25088,FALSE,,,,,,,,,,,,,,,,
2647,22-Nov-25,F,FG - Milky Mineral Sunscreen - 40ml,30,22-Nov-25,SPF,2372.88,,36.00%,"45,559.32",8200.68,53760,FALSE,,,,,,,,,,,,,,,,
2648,17-Nov-25,N11,FG - MultiPeptide Ageing Treatment Kit,6,,Kit,10169.49,62.50%,40.00%,"22,881.36",4118.64,27000,TRUE,,,,,,,,,,,,,,,,
2648,17-Nov-25,N11,FG - Radiance AntiOx Treatment Kit,2,,Kit,10169.49,62.50%,40.00%,"7,627.12",1372.88,9000,TRUE,,,,,,,,,,,,,,,,
2649,18-Nov-25,5C,FG - Radiance AntiOx Treatment Kit,6,,Kit,10169.49,40.00%,40.00%,"30,508.47",5491.53,36000,TRUE,,,,,,,,,,,,,,,,
2649,18-Nov-25,5C,FG - Clarifying Mineral Treatment Kit,5,,Kit,7627.12,40.00%,40.00%,"19,067.80",3432.2,22500,TRUE,,,,,,,,,,,,,,,,
2650,17-Nov-25,1B,FG - Radiance AntiOx Treatment Kit,2,,Kit,10169.49,45.00%,20.00%,"12,203.39",2196.61,14400,TRUE,,,,,,,,,,,,,,,,
2651,17-Nov-25,R,FG - Radiance AntiOx Treatment Kit,34,,Kit,10169.49,35.75%,-,"1,53,000.00",27540,180540,TRUE,,,,,,,,,,,,,,,,
2652,17-Nov-25,N Warehouse,FG - Radiance AntiOx Treatment Kit,13,,Kit,10169.49,62.50%,40.00%,"49,576.27",8923.73,58500,TRUE,,,,,,,,,,,,,,,,
2653,17-Nov-25,Q,FG - Radiance AntiOx Treatment Kit,1,,Kit,10169.49,52.50%,52.50%,"3,813.56",686.44,4500,TRUE,,,,,,,,,,,,,,,,
2654,18-Nov-25,N10,FG - Copper Peptide Serum - 10ml,5,,Serum,1559.32,62.50%,40.00%,"4,677.97",842.03,5520,FALSE,,,,,,,,,,,,,,,,
2654,18-Nov-25,N10,FG - Eye Serum - 10ml,5,,Serum,1567.8,62.50%,40.00%,"4,703.39",846.61,5550,FALSE,,,,,,,,,,,,,,,,
2654,18-Nov-25,N10,FG - Mineral Drops - 10ml,10,,SPF,542.37,62.50%,40.00%,"3,254.24",585.76,3840,FALSE,,,,,,,,,,,,,,,,
2654,18-Nov-25,N10,FG - Radiance AntiOx Treatment Kit,10,,Kit,10169.49,62.50%,40.00%,"38,135.59",6864.41,45000,TRUE,,,,,,,,,,,,,,,,
2654,18-Nov-25,N10,FG - Radiance Face Oil - 10ml,0,,Oil,1228.81,62.50%,40.00%,0,0,0,FALSE,,,,,,,,,,,,,,,,
2654,18-Nov-25,N10,FG - Milky Mineral Sunscreen - 40ml,20,,SPF,2372.88,62.50%,40.00%,"28,474.58",5125.42,33600,FALSE,,,,,,,,,,,,,,,,
2654,18-Nov-25,N10,FG - MultiPeptide Ageing Treatment Kit,3,,Kit,10169.49,62.50%,40.00%,"11,440.68",2059.32,13500,TRUE,,,,,,,,,,,,,,,,
2654,18-Nov-25,N10,FG - Eye Care Ritual Kit,2,,Kit,10169.49,62.50%,40.00%,"7,627.12",1372.88,9000,TRUE,,,,,,,,,,,,,,,,
2655,18-Nov-25,S,FG - AHA Body Wash - 150ml,20,,Body,1398.31,,42.50%,"10,487.29",1887.71,12375,FALSE,,,,,,,,,,,,,,,,
2655,18-Nov-25,S,FG - AHA Face Wash - 100ml,80,,Cleanser,1228.81,,42.50%,"36,864.41",6635.59,43500,FALSE,,,,,,,,,,,,,,,,
2655,18-Nov-25,S,FG - Antioxidant Body Scrub - 200ml,20,,Body,1991.53,,42.50%,"14,936.44",2688.56,17625,FALSE,,,,,,,,,,,,,,,,
2655,18-Nov-25,S,FG - Bio-Retinol Cream - 30ml,40,,Cream,2415.25,,42.50%,"36,228.81",6521.19,42750,FALSE,,,,,,,,,,,,,,,,
2655,18-Nov-25,S,FG - Clarifying Concentrate - 30ml,10,,Serum,1652.54,,42.50%,"6,197.03",1115.47,7312.5,FALSE,,,,,,,,,,,,,,,,
2655,18-Nov-25,S,FG - Copper Peptide Serum - 30ml,80,,Serum,3898.31,,42.50%,"1,16,949.15",21050.85,138000,FALSE,,,,,,,,,,,,,,,,
2655,18-Nov-25,S,FG - Correcting Concentrate - 30ml,20,,Serum,3050.85,,42.50%,"22,881.36",4118.64,27000,FALSE,,,,,,,,,,,,,,,,
2655,18-Nov-25,S,FG - Cream Cleanser - 100ml,30,,Cleanser,1483.05,,42.50%,"16,684.32",3003.18,19687.5,FALSE,,,,,,,,,,,,,,,,
2655,18-Nov-25,S,FG - Eye Serum - 10ml,20,,Serum,1567.8,,42.50%,"11,758.47",2116.53,13875,FALSE,,,,,,,,,,,,,,,,
2655,18-Nov-25,S,FG - Face Scrub - 50ml,80,,Masks & Exfoliators,1228.81,,42.50%,"36,864.41",6635.59,43500,FALSE,,,,,,,,,,,,,,,,
2655,18-Nov-25,S,FG - Drating Cream - 50ml,20,,Cream,2330.51,,42.50%,"17,478.81",3146.19,20625,FALSE,,,,,,,,,,,,,,,,
2655,18-Nov-25,S,FG - Longevity Serum - 30ml,50,,Serum,1652.54,,42.50%,"30,985.17",5577.33,36562.5,FALSE,,,,,,,,,,,,,,,,
2655,18-Nov-25,S,FG - Marine Clay Mask - 50ml,50,,Masks & Exfoliators,1567.8,,42.50%,"29,396.19",5291.31,34687.5,FALSE,,,,,,,,,,,,,,,,
2655,18-Nov-25,S,FG - Melting Balm Cleanser - 50ml,20,,Cleanser,1016.95,,42.50%,"7,627.12",1372.88,9000,FALSE,,,,,,,,,,,,,,,,
2655,18-Nov-25,S,FG - Mineral Drops - 30ml,20,,SPF,1355.93,,42.50%,"10,169.49",1830.51,12000,FALSE,,,,,,,,,,,,,,,,
2655,18-Nov-25,S,FG - Night Repair Cream- 30ml,40,,Cream,2245.76,,42.50%,"33,686.44",6063.56,39750,FALSE,,,,,,,,,,,,,,,,
2655,18-Nov-25,S,FG - Nordic Mud Mask - 50ml,80,,Masks & Exfoliators,1991.53,,42.50%,"59,745.76",10754.24,70500,FALSE,,,,,,,,,,,,,,,,
2655,18-Nov-25,S,FG - Nourishing Sleep Oil - 30ml,10,,Oil,2033.9,,42.50%,"7,627.12",1372.88,9000,FALSE,,,,,,,,,,,,,,,,
2655,18-Nov-25,S,FG - Overnight Peel - 30ml,50,,Serum,2118.64,,42.50%,"39,724.58",7150.42,46875,FALSE,,,,,,,,,,,,,,,,
2655,18-Nov-25,S,FG - AHA Power Peel - 50ml,30,,Masks & Exfoliators,1864.41,,42.50%,"20,974.58",3775.42,24750,FALSE,,,,,,,,,,,,,,,,
2655,18-Nov-25,S,FG - Regenerating Serum - 30ml,30,,Serum,3389.83,,42.50%,"38,135.59",6864.41,45000,FALSE,,,,,,,,,,,,,,,,
2655,18-Nov-25,S,FG - Skin Perfecting Serum - 30ml,20,,Serum,2076.27,,42.50%,"15,572.03",2802.97,18375,FALSE,,,,,,,,,,,,,,,,
2655,18-Nov-25,S,FG - Soothing Cream - 50ml,50,,Cream,1864.41,,42.50%,"34,957.63",6292.37,41250,FALSE,,,,,,,,,,,,,,,,
2655,18-Nov-25,S,FG - Clarifying Concentrate - 10ml,20,,Serum,661.02,,42.50%,"4,957.63",892.37,5850,FALSE,,,,,,,,,,,,,,,,
2655,18-Nov-25,S,FG - Copper Peptide Serum - 10ml,30,,Serum,1559.32,,42.50%,"17,542.37",3157.63,20700,FALSE,,,,,,,,,,,,,,,,
2655,18-Nov-25,S,FG - Longevity Serum - 10ml,30,,Serum,661.02,,42.50%,"7,436.44",1338.56,8775,FALSE,,,,,,,,,,,,,,,,
2655,18-Nov-25,S,FG - Mineral Drops - 10ml,10,,SPF,542.37,,42.50%,"2,033.90",366.1,2400,FALSE,,,,,,,,,,,,,,,,
2655,18-Nov-25,S,FG - Nourishing Sleep Oil - 10ml,10,,Oil,813.56,,42.50%,"3,050.85",549.15,3600,FALSE,,,,,,,,,,,,,,,,
2655,18-Nov-25,S,FG - Overnight Peel - 10ml,30,,Serum,847.46,,42.50%,"9,533.90",1716.1,11250,FALSE,,,,,,,,,,,,,,,,
2655,18-Nov-25,S,FG - Radiance Face Oil - 10ml,10,,Oil,1228.81,,42.50%,"4,608.05",829.45,5437.5,FALSE,,,,,,,,,,,,,,,,
2655,18-Nov-25,S,FG - Regenerating Serum - 10ml,30,,Serum,1355.93,,42.50%,"15,254.24",2745.76,18000,FALSE,,,,,,,,,,,,,,,,
2655,18-Nov-25,S,FG - Skin Perfecting Serum - 10ml,20,,Serum,830.51,,42.50%,"6,228.81",1121.19,7350,FALSE,,,,,,,,,,,,,,,,
2656,18-Nov-25,X,FG - Copper Peptide Serum - 10ml,10,,Serum,1559.32,50.00%,40.00%,"9,355.93",1684.07,11040,FALSE,,,,,,,,,,,,,,,,
2656,18-Nov-25,X,FG - Eye Serum - 10ml,10,,Serum,1567.8,50.00%,40.00%,"9,406.78",1693.22,11100,FALSE,,,,,,,,,,,,,,,,
2657,18-Nov-25,V2,FG - AHA Body Wash - 150ml,2,,Body,1398.31,40.00%,35.00%,"1,677.97",302.03,1980,FALSE,,,,,,,,,,,,,,,,
2657,18-Nov-25,V2,FG - AHA Face Wash - 100ml,2,,Cleanser,1228.81,40.00%,35.00%,"1,474.58",265.42,1740,FALSE,,,,,,,,,,,,,,,,
2657,18-Nov-25,V2,FG - Longevity Serum - 10ml,2,,Serum,661.02,40.00%,35.00%,793.22,142.78,936,FALSE,,,,,,,,,,,,,,,,
2657,18-Nov-25,V2,FG - Mineral Drops - 10ml,2,,SPF,542.37,40.00%,35.00%,650.85,117.15,768,FALSE,,,,,,,,,,,,,,,,
2657,18-Nov-25,V2,FG - Eye Serum - 10ml,2,,Serum,1567.8,40.00%,35.00%,"1,881.36",338.64,2220,FALSE,,,,,,,,,,,,,,,,
2657,18-Nov-25,V2,FG - VitC Body Oil - 100ml,5,,Body,1144.07,40.00%,35.00%,"3,432.20",617.8,4050,FALSE,,,,,,,,,,,,,,,,
2657,18-Nov-25,V2,FG - Sea Salt Body Scrub - 200ml,3,,Body,2245.76,40.00%,35.00%,"4,042.37",727.63,4770,FALSE,,,,,,,,,,,,,,,,
2658,18-Nov-25,Y,FG - Nordic Mud Mask - 50ml,1,,Masks & Exfoliators,1991.53,50.00%,45.00%,"1,095.34",197.16,1292.5,FALSE,,,,,,,,,,,,,,,,
2658,18-Nov-25,Y,FG - AHA Power Peel - 50ml,1,,Masks & Exfoliators,1864.41,50.00%,45.00%,"1,025.42",184.58,1210,FALSE,,,,,,,,,,,,,,,,
2658,18-Nov-25,Y,FG - Eye Serum - 10ml,2,,Serum,1567.8,50.00%,45.00%,"1,724.58",310.42,2035,FALSE,,,,,,,,,,,,,,,,
2658,18-Nov-25,Y,FG - Overnight Peel - 30ml,1,,Serum,2118.64,50.00%,45.00%,"1,165.25",209.75,1375,FALSE,,,,,,,,,,,,,,,,
2659,18-Nov-25,5C,FG - Radiance AntiOx Treatment Kit,4,,Kit,10169.49,40.00%,40.00%,"20,338.98",3661.02,24000,TRUE,,,,,,,,,,,,,,,,
2659,18-Nov-25,5C,FG - Clarifying Mineral Treatment Kit,3,,Kit,7627.12,40.00%,40.00%,"11,440.68",2059.32,13500,TRUE,,,,,,,,,,,,,,,,
2660,20-Nov-25,I,FG - Eye Serum - 10ml,29,27-Nov-25,Serum,1567.8,,36.00%,"29,098.31",5237.69,34336,FALSE,,,,,,,,,,,,,,,,
2660,20-Nov-25,I,FG - Copper Peptide Serum - 10ml,10,27-Nov-25,Serum,1559.32,,36.00%,"9,979.66",1796.34,11776,FALSE,,,,,,,,,,,,,,,,
2660,20-Nov-25,I,FG - Sea Salt Body Scrub - 200ml,2,27-Nov-25,Body,2245.76,,36.00%,"2,874.58",517.42,3392,FALSE,,,,,,,,,,,,,,,,
2660,20-Nov-25,I,FG - AHA Power Peel - 50ml,1,27-Nov-25,Masks & Exfoliators,1864.41,,36.00%,"1,193.22",214.78,1408,FALSE,,,,,,,,,,,,,,,,
2660,20-Nov-25,I,FG - Milky Mineral Sunscreen - 40ml,1,27-Nov-25,SPF,2372.88,,36.00%,"1,518.64",273.36,1792,FALSE,,,,,,,,,,,,,,,,
2660,20-Nov-25,I,FG - Skin Perfecting Serum - 10ml,1,27-Nov-25,Serum,830.51,,36.00%,531.53,95.67,627.2,FALSE,,,,,,,,,,,,,,,,
2660,20-Nov-25,I,FG - Night Repair Cream- 30ml,1,27-Nov-25,Cream,2245.76,,36.00%,"1,437.29",258.71,1696,FALSE,,,,,,,,,,,,,,,,
2661,19-Nov-25,R,FG - Radiance AntiOx Treatment Kit,50,,Kit,10169.49,35.75%,-,"2,25,000.00",40500,265500,TRUE,,,,,,,,,,,,,,,,
2661,19-Nov-25,R,FG - MultiPeptide Ageing Treatment Kit,50,,Kit,10169.49,35.75%,-,"2,25,000.00",40500,265500,TRUE,,,,,,,,,,,,,,,,
2662,19-Nov-25,B,FG - Bio-Retinol Cream - 30ml,1,21-Nov-25,Cream,2415.25,,36.00%,"1,545.76",278.24,1824,FALSE,,,,,,,,,,,,,,,,
2662,19-Nov-25,B,FG - Sea Salt Body Scrub - 200ml,0,21-Nov-25,Body,2245.76,,36.00%,0,0,0,FALSE,,,,,,,,,,,,,,,,
2662,19-Nov-25,B,FG - Copper Peptide Serum - 30ml,2,21-Nov-25,Serum,3898.31,,36.00%,"4,989.83",898.17,5888,FALSE,,,,,,,,,,,,,,,,
2662,19-Nov-25,B,FG - Correcting Concentrate - 30ml,3,21-Nov-25,Serum,3050.85,,36.00%,"5,857.63",1054.37,6912,FALSE,,,,,,,,,,,,,,,,
2662,19-Nov-25,B,FG - VitB Body Lotion - 100ml,3,21-Nov-25,Body,1398.31,,36.00%,"2,684.75",483.25,3168,FALSE,,,,,,,,,,,,,,,,
2662,19-Nov-25,B,FG - Copper Peptide Serum - 10ml,15,21-Nov-25,Serum,1559.32,,36.00%,"14,969.49",2694.51,17664,FALSE,,,,,,,,,,,,,,,,
2662,19-Nov-25,B,FG - Radiance Face Oil - 30ml,21,21-Nov-25,Oil,3008.47,,36.00%,"40,433.90",7278.1,47712,FALSE,,,,,,,,,,,,,,,,
2662,19-Nov-25,B,FG - VitC Body Oil - 100ml,37,21-Nov-25,Body,1144.07,,36.00%,"27,091.53",4876.47,31968,FALSE,,,,,,,,,,,,,,,,
2662,19-Nov-25,B,FG - Eye Serum - 10ml,94,21-Nov-25,Serum,1567.8,,36.00%,"94,318.64",16977.36,111296,FALSE,,,,,,,,,,,,,,,,
2663,19-Nov-25,10A,FG - CityLife Dration Treatment Kit,4,,Kit,7627.12,50.00%,35.00%,"18,305.08",3294.92,21600,TRUE,,,,,,,,,,,,,,,,
2663,19-Nov-25,10A,FG - Radiance AntiOx Treatment Kit,4,,Kit,10169.49,50.00%,35.00%,"24,406.78",4393.22,28800,TRUE,,,,,,,,,,,,,,,,
2663,19-Nov-25,10A,FG - MultiPeptide Ageing Treatment Kit,0,,Kit,10169.49,50.00%,35.00%,0,0,0,TRUE,,,,,,,,,,,,,,,,
2663,19-Nov-25,10A,FG - AHA Face Wash - 100ml,25,,Cleanser,1228.81,50.00%,35.00%,"23,040.25",4147.25,27187.5,FALSE,,,,,,,,,,,,,,,,
2663,19-Nov-25,10A,FG - Copper Peptide Serum - 10ml,25,,Serum,1559.32,50.00%,35.00%,"29,237.29",5262.71,34500,FALSE,,,,,,,,,,,,,,,,
2663,19-Nov-25,10A,FG - Milky Mineral Sunscreen - 40ml,25,,SPF,2372.88,50.00%,35.00%,"44,491.53",8008.47,52500,FALSE,,,,,,,,,,,,,,,,
2663,19-Nov-25,10A,FG - Correcting Concentrate - 10ml,25,,Serum,1220.34,50.00%,35.00%,"22,881.36",4118.64,27000,FALSE,,,,,,,,,,,,,,,,
2663,19-Nov-25,10A,FG - Night Repair Cream- 30ml,15,,Cream,2245.76,50.00%,35.00%,"25,264.83",4547.67,29812.5,FALSE,,,,,,,,,,,,,,,,
2664,19-Nov-25,V3,FG - Radiance AntiOx Treatment Kit,3,,Kit,10169.49,40.00%,35.00%,"16,779.66",3020.34,19800,TRUE,,,,,,,,,,,,,,,,
2664,19-Nov-25,V3,FG - MultiPeptide Ageing Treatment Kit,0,,Kit,10169.49,40.00%,35.00%,0,0,0,TRUE,,,,,,,,,,,,,,,,
2664,19-Nov-25,V3,FG - CityLife Dration Treatment Kit,3,,Kit,7627.12,40.00%,35.00%,"12,584.75",2265.25,14850,TRUE,,,,,,,,,,,,,,,,
2665,19-Nov-25,5D,FG - Glow Body Massage Oil,20,,B2B,236.44,40.00%,40.00%,"2,837.29",510.71,3348,TRUE,,,,,,,,,,,,,,,,
2665,19-Nov-25,5D,FG - Scalp Oil 15ml,30,,B2B,137.14,40.00%,40.00%,"2,468.57",444.34,2912.91,TRUE,,,,,,,,,,,,,,,,
2666,19-Nov-25,7,FG - Drating Cream - 50ml,3,,Cream,2330.51,30.00%,25.00%,"4,894.07",880.93,5775,FALSE,,,,,,,,,,,,,,,,
2666,19-Nov-25,7,FG - Bio-Retinol Cream - 30ml,3,,Cream,2415.25,30.00%,25.00%,"5,072.03",912.97,5985,FALSE,,,,,,,,,,,,,,,,
2667,19-Nov-25,1D,FG - Eye Care Ritual Kit,2,,Kit,10169.49,45.00%,20.00%,"12,203.39",2196.61,14400,TRUE,,,,,,,,,,,,,,,,
2667,19-Nov-25,1D,FG - Radiance AntiOx Treatment Kit,2,,Kit,10169.49,45.00%,20.00%,"12,203.39",2196.61,14400,TRUE,,,,,,,,,,,,,,,,
2667,19-Nov-25,1D,FG - MultiPeptide Ageing Treatment Kit,0,,Kit,10169.49,45.00%,20.00%,0,0,0,TRUE,,,,,,,,,,,,,,,,
2667,19-Nov-25,1D,FG - CityLife Dration Treatment Kit,2,,Kit,7627.12,45.00%,20.00%,"9,152.54",1647.46,10800,TRUE,,,,,,,,,,,,,,,,
2667,19-Nov-25,1D,FG - Everyday Shield - Yellow Pouch & Charms,3,,Combo,4025.42,45.00%,20.00%,"7,849.58",1412.92,9262.5,FALSE,,,,,,,,,,,,,,,,
2667,19-Nov-25,1D,FG - Double Cleansing Duo,3,,Combo,1949.15,45.00%,20.00%,"3,800.85",684.15,4485,FALSE,,,,,,,,,,,,,,,,
2667,19-Nov-25,1D,FG - Milky Mineral Sunscreen - 40ml,3,,SPF,2372.88,45.00%,20.00%,"4,627.12",832.88,5460,FALSE,,,,,,,,,,,,,,,,
2668,19-Nov-25,1C,FG - Radiance AntiOx Treatment Kit,2,,Kit,10169.49,45.00%,20.00%,"12,203.39",2196.61,14400,TRUE,,,,,,,,,,,,,,,,
2668,19-Nov-25,1C,FG - MultiPeptide Ageing Treatment Kit,0,,Kit,10169.49,45.00%,20.00%,0,0,0,TRUE,,,,,,,,,,,,,,,,
2668,19-Nov-25,1C,FG - AHA Body Wash - 150ml,2,,Body,1398.31,45.00%,20.00%,"1,817.80",327.2,2145,FALSE,,,,,,,,,,,,,,,,
2668,19-Nov-25,1C,FG - AHA Face Wash - 100ml,3,,Cleanser,1228.81,45.00%,20.00%,"2,396.19",431.31,2827.5,FALSE,,,,,,,,,,,,,,,,
2668,19-Nov-25,1C,FG - Antioxidant Body Scrub - 200ml,2,,Body,1991.53,45.00%,20.00%,"2,588.98",466.02,3055,FALSE,,,,,,,,,,,,,,,,
2668,19-Nov-25,1C,FG - Clarifying Concentrate - 10ml,2,,Serum,661.02,45.00%,20.00%,859.32,154.68,1014,FALSE,,,,,,,,,,,,,,,,
2668,19-Nov-25,1C,FG - Copper Peptide Serum - 10ml,3,,Serum,1559.32,45.00%,20.00%,"3,040.68",547.32,3588,FALSE,,,,,,,,,,,,,,,,
2668,19-Nov-25,1C,FG - Eye Serum - 10ml,3,,Serum,1567.8,45.00%,20.00%,"3,057.20",550.3,3607.5,FALSE,,,,,,,,,,,,,,,,
2668,19-Nov-25,1C,FG - Drating Cream - 50ml,0,,Cream,2330.51,45.00%,20.00%,0,0,0,FALSE,,,,,,,,,,,,,,,,
2668,19-Nov-25,1C,FG - Longevity Serum - 10ml,3,,Serum,661.02,45.00%,20.00%,"1,288.98",232.02,1521,FALSE,,,,,,,,,,,,,,,,
2668,19-Nov-25,1C,FG - Melting Balm Cleanser - 50ml,3,,Cleanser,1016.95,45.00%,20.00%,"1,983.05",356.95,2340,FALSE,,,,,,,,,,,,,,,,
2668,19-Nov-25,1C,FG - Overnight Peel - 10ml,5,,Serum,847.46,45.00%,20.00%,"2,754.24",495.76,3250,FALSE,,,,,,,,,,,,,,,,
2668,19-Nov-25,1C,FG - Radiance Face Oil - 30ml,3,,Oil,3008.47,45.00%,20.00%,"5,866.53",1055.97,6922.5,FALSE,,,,,,,,,,,,,,,,
2668,19-Nov-25,1C,FG - Regenerating Serum - 10ml,3,,Serum,1355.93,45.00%,20.00%,"2,644.07",475.93,3120,FALSE,,,,,,,,,,,,,,,,
2668,19-Nov-25,1C,FG - Sea Salt Body Scrub - 200ml,2,,Body,2245.76,45.00%,20.00%,"2,919.49",525.51,3445,FALSE,,,,,,,,,,,,,,,,
2668,19-Nov-25,1C,FG - Skin Perfecting Serum - 10ml,3,,Serum,830.51,45.00%,20.00%,"1,619.49",291.51,1911,FALSE,,,,,,,,,,,,,,,,
2668,19-Nov-25,1C,FG - VitB Body Lotion - 100ml,4,,Body,1398.31,45.00%,20.00%,"3,635.59",654.41,4290,FALSE,,,,,,,,,,,,,,,,
2668,19-Nov-25,1C,FG - VitC Body Oil - 100ml,4,,Body,1144.07,45.00%,20.00%,"2,974.58",535.42,3510,FALSE,,,,,,,,,,,,,,,,
2669,19-Nov-25,1B,FG - Clarifying Concentrate - 10ml,2,,Serum,661.02,45.00%,20.00%,859.32,154.68,1014,FALSE,,,,,,,,,,,,,,,,
2669,19-Nov-25,1B,FG - Clarifying Concentrate - 30ml,2,,Serum,1652.54,45.00%,20.00%,"2,148.31",386.69,2535,FALSE,,,,,,,,,,,,,,,,
2669,19-Nov-25,1B,FG - Eye Serum - 10ml,2,,Serum,1567.8,45.00%,20.00%,"2,038.14",366.86,2405,FALSE,,,,,,,,,,,,,,,,
2669,19-Nov-25,1B,FG - Face Scrub - 50ml,0,,Masks & Exfoliators,1228.81,45.00%,20.00%,0,0,0,FALSE,,,,,,,,,,,,,,,,
2669,19-Nov-25,1B,FG - Melting Balm Cleanser - 50ml,2,,Cleanser,1016.95,45.00%,20.00%,"1,322.03",237.97,1560,FALSE,,,,,,,,,,,,,,,,
2669,19-Nov-25,1B,FG - CityLife Dration Treatment Kit,2,,Kit,7627.12,45.00%,20.00%,"9,152.54",1647.46,10800,TRUE,,,,,,,,,,,,,,,,
2670,19-Nov-25,Q,FG - Radiance AntiOx Treatment Kit,1,,Kit,10169.49,52.50%,52.50%,"3,813.56",686.44,4500,TRUE,,,,,,,,,,,,,,,,
2671,28-Nov-25,B,FG - Copper Peptide Serum - 30ml,1,09-Dec-25,Serum,3898.31,,36.00%,"2,494.92",449.08,2944,FALSE,,,,,,,,,,,,,,,,
2671,28-Nov-25,B,FG - Radiance Face Oil - 30ml,1,09-Dec-25,Oil,3008.47,,36.00%,"1,925.42",346.58,2272,FALSE,,,,,,,,,,,,,,,,
2671,28-Nov-25,B,FG - Sea Salt Body Scrub - 200ml,0,09-Dec-25,Body,2245.76,,36.00%,0,0,0,FALSE,,,,,,,,,,,,,,,,
2671,28-Nov-25,B,FG - AHA Power Peel - 50ml,1,09-Dec-25,Masks & Exfoliators,1864.41,,36.00%,"1,193.22",214.78,1408,FALSE,,,,,,,,,,,,,,,,
2671,28-Nov-25,B,FG - Melting Balm Cleanser - 50ml,4,09-Dec-25,Cleanser,1016.95,,36.00%,"2,603.39",468.61,3072,FALSE,,,,,,,,,,,,,,,,
2671,28-Nov-25,B,FG - Copper Peptide Serum - 10ml,24,09-Dec-25,Serum,1559.32,,36.00%,"23,951.19",4311.21,28262.4,FALSE,,,,,,,,,,,,,,,,
2671,28-Nov-25,B,FG - VitC Body Oil - 100ml,39,09-Dec-25,Body,1144.07,,36.00%,"28,555.93",5140.07,33696,FALSE,,,,,,,,,,,,,,,,
2671,28-Nov-25,B,FG - Eye Serum - 10ml,115,09-Dec-25,Serum,1567.8,,36.00%,"1,15,389.83",20770.17,136160,FALSE,,,,,,,,,,,,,,,,
2672,28-Nov-25,C,FG - VitB Body Lotion - 100ml,1,05-Dec-25,Body,1398.31,,36.00%,894.92,161.08,1056,FALSE,,,,,,,,,,,,,,,,
2672,28-Nov-25,C,FG - Overnight Peel - 10ml,1,05-Dec-25,Serum,847.46,,36.00%,542.37,97.63,640,FALSE,,,,,,,,,,,,,,,,
2672,28-Nov-25,C,FG - Correcting Concentrate - 30ml,2,05-Dec-25,Serum,3050.85,,36.00%,"3,905.08",702.92,4608,FALSE,,,,,,,,,,,,,,,,
2672,28-Nov-25,C,FG - Sea Salt Body Scrub - 200ml,0,05-Dec-25,Body,2245.76,,36.00%,0,0,0,FALSE,,,,,,,,,,,,,,,,
2672,28-Nov-25,C,FG - Copper Peptide Serum - 30ml,3,05-Dec-25,Serum,3898.31,,36.00%,"7,484.75",1347.25,8832,FALSE,,,,,,,,,,,,,,,,
2672,28-Nov-25,C,FG - Bio-Retinol Cream - 30ml,3,05-Dec-25,Cream,2415.25,,36.00%,"4,637.29",834.71,5472,FALSE,,,,,,,,,,,,,,,,
2672,28-Nov-25,C,FG - AHA Power Peel - 50ml,3,05-Dec-25,Masks & Exfoliators,1864.41,,36.00%,"3,579.66",644.34,4224,FALSE,,,,,,,,,,,,,,,,
2672,28-Nov-25,C,FG - Melting Balm Cleanser - 50ml,4,05-Dec-25,Cleanser,1016.95,,36.00%,"2,603.39",468.61,3072,FALSE,,,,,,,,,,,,,,,,
2672,28-Nov-25,C,FG - AHA Face Wash - 100ml,5,05-Dec-25,Cleanser,1228.81,,36.00%,"3,932.20",707.8,4640,FALSE,,,,,,,,,,,,,,,,
2672,28-Nov-25,C,FG - Copper Peptide Serum - 10ml,11,05-Dec-25,Serum,1559.32,,36.00%,"10,977.63",1975.97,12953.6,FALSE,,,,,,,,,,,,,,,,
2672,28-Nov-25,C,FG - VitC Body Oil - 100ml,31,05-Dec-25,Body,1144.07,,36.00%,"22,698.31",4085.69,26784,FALSE,,,,,,,,,,,,,,,,
2672,28-Nov-25,C,FG - Eye Serum - 10ml,68,05-Dec-25,Serum,1567.8,,36.00%,"68,230.51",12281.49,80512,FALSE,,,,,,,,,,,,,,,,
2673,24-Nov-25,F,FG - Overnight Peel - 10ml,1,25-Nov-25,Serum,847.46,,36.00%,542.37,97.63,640,FALSE,,,,,,,,,,,,,,,,
2673,24-Nov-25,F,FG - Radiance Face Oil - 30ml,2,25-Nov-25,Oil,3008.47,,36.00%,"3,850.85",693.15,4544,FALSE,,,,,,,,,,,,,,,,
2673,24-Nov-25,F,FG - Bio-Retinol Cream - 30ml,2,25-Nov-25,Cream,2415.25,,36.00%,"3,091.53",556.47,3648,FALSE,,,,,,,,,,,,,,,,
2673,24-Nov-25,F,FG - Night Repair Cream- 30ml,2,25-Nov-25,Cream,2245.76,,36.00%,"2,874.58",517.42,3392,FALSE,,,,,,,,,,,,,,,,
2673,24-Nov-25,F,FG - Skin Perfecting Serum - 10ml,2,25-Nov-25,Serum,830.51,,36.00%,"1,063.05",191.35,1254.4,FALSE,,,,,,,,,,,,,,,,
2673,24-Nov-25,F,FG - Sea Salt Body Scrub - 200ml,3,25-Nov-25,Body,2245.76,,36.00%,"4,311.86",776.14,5088,FALSE,,,,,,,,,,,,,,,,
2673,24-Nov-25,F,FG - Copper Peptide Serum - 30ml,5,25-Nov-25,Serum,3898.31,,36.00%,"12,474.58",2245.42,14720,FALSE,,,,,,,,,,,,,,,,
2673,24-Nov-25,F,FG - Eye Serum - 10ml,26,25-Nov-25,Serum,1567.8,,36.00%,"26,088.14",4695.86,30784,FALSE,,,,,,,,,,,,,,,,
2674,25-Nov-25,G,FG - Copper Peptide Serum - 30ml,1,02-Dec-25,Serum,3898.31,,36.00%,"2,494.92",449.08,2944,FALSE,,,,,,,,,,,,,,,,
2674,25-Nov-25,G,FG - Correcting Concentrate - 30ml,1,02-Dec-25,Serum,3050.85,,36.00%,"1,952.54",351.46,2304,FALSE,,,,,,,,,,,,,,,,
2674,25-Nov-25,G,FG - Night Repair Cream- 30ml,1,02-Dec-25,Cream,2245.76,,36.00%,"1,437.29",258.71,1696,FALSE,,,,,,,,,,,,,,,,
2674,25-Nov-25,G,FG - AHA Power Peel - 50ml,1,02-Dec-25,Masks & Exfoliators,1864.41,,36.00%,"1,193.22",214.78,1408,FALSE,,,,,,,,,,,,,,,,
2674,25-Nov-25,G,FG - Bio-Retinol Cream - 30ml,2,02-Dec-25,Cream,2415.25,,36.00%,"3,091.53",556.47,3648,FALSE,,,,,,,,,,,,,,,,
2674,25-Nov-25,G,FG - Copper Peptide Serum - 10ml,9,02-Dec-25,Serum,1559.32,,36.00%,"8,981.69",1616.71,10598.4,FALSE,,,,,,,,,,,,,,,,
2674,25-Nov-25,G,FG - VitC Body Oil - 100ml,51,02-Dec-25,Body,1144.07,,36.00%,"37,342.37",6721.63,44064,FALSE,,,,,,,,,,,,,,,,
2674,25-Nov-25,G,FG - Eye Serum - 10ml,88,02-Dec-25,Serum,1567.8,,36.00%,"88,298.31",15893.69,104192,FALSE,,,,,,,,,,,,,,,,
2675,20-Nov-25,D,FG - Radiance Face Oil - 30ml,1,27-Nov-25,Oil,3008.47,,36.00%,"1,925.42",346.58,2272,FALSE,,,,,,,,,,,,,,,,
2675,20-Nov-25,D,FG - Sea Salt Body Scrub - 200ml,1,27-Nov-25,Body,2245.76,,36.00%,"1,437.29",258.71,1696,FALSE,,,,,,,,,,,,,,,,
2675,20-Nov-25,D,FG - Night Repair Cream- 30ml,1,27-Nov-25,Cream,2245.76,,36.00%,"1,437.29",258.71,1696,FALSE,,,,,,,,,,,,,,,,
2675,20-Nov-25,D,FG - AHA Power Peel - 50ml,1,27-Nov-25,Masks & Exfoliators,1864.41,,36.00%,"1,193.22",214.78,1408,FALSE,,,,,,,,,,,,,,,,
2675,20-Nov-25,D,FG - AHA Face Wash - 100ml,1,27-Nov-25,Cleanser,1228.81,,36.00%,786.44,141.56,928,FALSE,,,,,,,,,,,,,,,,
2675,20-Nov-25,D,FG - Copper Peptide Serum - 30ml,2,27-Nov-25,Serum,3898.31,,36.00%,"4,989.83",898.17,5888,FALSE,,,,,,,,,,,,,,,,
2675,20-Nov-25,D,FG - Melting Balm Cleanser - 50ml,2,27-Nov-25,Cleanser,1016.95,,36.00%,"1,301.69",234.31,1536,FALSE,,,,,,,,,,,,,,,,
2675,20-Nov-25,D,FG - Antioxidant Body Scrub - 200ml,3,27-Nov-25,Body,1991.53,,36.00%,"3,823.73",688.27,4512,FALSE,,,,,,,,,,,,,,,,
2675,20-Nov-25,D,FG - Copper Peptide Serum - 10ml,11,27-Nov-25,Serum,1559.32,,36.00%,"10,977.63",1975.97,12953.6,FALSE,,,,,,,,,,,,,,,,
2675,20-Nov-25,D,FG - VitC Body Oil - 100ml,17,27-Nov-25,Body,1144.07,,36.00%,"12,447.46",2240.54,14688,FALSE,,,,,,,,,,,,,,,,
2675,20-Nov-25,D,FG - Eye Serum - 10ml,28,27-Nov-25,Serum,1567.8,,36.00%,"28,094.92",5057.08,33152,FALSE,,,,,,,,,,,,,,,,
2676,21-Nov-25,I,FG - Night Repair Cream- 30ml,1,28-Nov-25,Cream,2245.76,,36.00%,"1,437.29",258.71,1696,FALSE,,,,,,,,,,,,,,,,
2676,21-Nov-25,I,FG - AHA Power Peel - 50ml,1,28-Nov-25,Masks & Exfoliators,1864.41,,36.00%,"1,193.22",214.78,1408,FALSE,,,,,,,,,,,,,,,,
2676,21-Nov-25,I,FG - Radiance Face Oil - 30ml,2,28-Nov-25,Oil,3008.47,,36.00%,"3,850.85",693.15,4544,FALSE,,,,,,,,,,,,,,,,
2676,21-Nov-25,I,FG - Skin Perfecting Serum - 10ml,2,28-Nov-25,Serum,830.51,,36.00%,"1,063.05",191.35,1254.4,FALSE,,,,,,,,,,,,,,,,
2676,21-Nov-25,I,FG - Sea Salt Body Scrub - 200ml,3,28-Nov-25,Body,2245.76,,36.00%,"4,311.86",776.14,5088,FALSE,,,,,,,,,,,,,,,,
2676,21-Nov-25,I,FG - VitC Body Oil - 100ml,5,28-Nov-25,Body,1144.07,,36.00%,"3,661.02",658.98,4320,FALSE,,,,,,,,,,,,,,,,
2676,21-Nov-25,I,FG - Copper Peptide Serum - 10ml,8,28-Nov-25,Serum,1559.32,,36.00%,"7,983.73",1437.07,9420.8,FALSE,,,,,,,,,,,,,,,,
2676,21-Nov-25,I,FG - Eye Serum - 10ml,35,28-Nov-25,Serum,1567.8,,36.00%,"35,118.64",6321.36,41440,FALSE,,,,,,,,,,,,,,,,
2677,25-Nov-25,G,FG - AHA Power Peel - 50ml,0,02-Dec-25,Masks & Exfoliators,1864.41,,36.00%,0,0,0,FALSE,,,,,,,,,,,,,,,,
2677,25-Nov-25,G,FG - Copper Peptide Serum - 10ml,0,02-Dec-25,Serum,1559.32,,36.00%,0,0,0,FALSE,,,,,,,,,,,,,,,,
2677,25-Nov-25,G,FG - Melting Balm Cleanser - 50ml,0,02-Dec-25,Cleanser,1016.95,,36.00%,0,0,0,FALSE,,,,,,,,,,,,,,,,
2677,25-Nov-25,G,FG - VitC Body Oil - 100ml,0,02-Dec-25,Body,1144.07,,36.00%,0,0,0,FALSE,,,,,,,,,,,,,,,,
2677,25-Nov-25,G,FG - Eye Serum - 10ml,0,02-Dec-25,Serum,1567.8,,36.00%,0,0,0,FALSE,,,,,,,,,,,,,,,,
2678,25-Nov-25,G,FG - Double Cleansing Duo,0,02-Dec-25,Combo,1949.15,,36.00%,0,0,0,FALSE,,,,,,,,,,,,,,,,
2679,21-Nov-25,B,FG - Bio-Retinol Cream - 30ml,1,29-Nov-25,Cream,2415.25,,36.00%,"1,545.76",278.24,1824,FALSE,,,,,,,,,,,,,,,,
2679,21-Nov-25,B,FG - Night Repair Cream- 30ml,1,29-Nov-25,Cream,2245.76,,36.00%,"1,437.29",258.71,1696,FALSE,,,,,,,,,,,,,,,,
2679,21-Nov-25,B,FG - Overnight Peel - 10ml,1,29-Nov-25,Serum,847.46,,36.00%,542.37,97.63,640,FALSE,,,,,,,,,,,,,,,,
2679,21-Nov-25,B,FG - Drating Cream - 50ml,2,29-Nov-25,Cream,2330.51,,36.00%,"2,983.05",536.95,3520,FALSE,,,,,,,,,,,,,,,,
2679,21-Nov-25,B,FG - Copper Peptide Serum - 30ml,3,29-Nov-25,Serum,3898.31,,36.00%,"7,484.75",1347.25,8832,FALSE,,,,,,,,,,,,,,,,
2679,21-Nov-25,B,FG - Correcting Concentrate - 30ml,3,29-Nov-25,Serum,3050.85,,36.00%,"5,857.63",1054.37,6912,FALSE,,,,,,,,,,,,,,,,
2679,21-Nov-25,B,FG - AHA Face Wash - 100ml,3,29-Nov-25,Cleanser,1228.81,,36.00%,"2,359.32",424.68,2784,FALSE,,,,,,,,,,,,,,,,
2679,21-Nov-25,B,FG - Melting Balm Cleanser - 50ml,3,29-Nov-25,Cleanser,1016.95,,36.00%,"1,952.54",351.46,2304,FALSE,,,,,,,,,,,,,,,,
2679,21-Nov-25,B,FG - Copper Peptide Serum - 10ml,5,29-Nov-25,Serum,1559.32,,36.00%,"4,989.83",898.17,5888,FALSE,,,,,,,,,,,,,,,,
2679,21-Nov-25,B,FG - Eye Serum - 10ml,8,29-Nov-25,Serum,1567.8,,36.00%,"8,027.12",1444.88,9472,FALSE,,,,,,,,,,,,,,,,
2680,20-Nov-25,X,FG - Radiance AntiOx Treatment Kit,2,,Kit,10169.49,50.00%,40.00%,"10,169.49",1830.51,12000,TRUE,,,,,,,,,,,,,,,,
2680,20-Nov-25,X,FG - Clarifying Mineral Treatment Kit,2,,Kit,7627.12,50.00%,40.00%,"7,627.12",1372.88,9000,TRUE,,,,,,,,,,,,,,,,
2681,24-Nov-25,A,FG - Copper Peptide Serum - 30ml,1,03-Dec-25,Serum,3898.31,,36.00%,"2,494.92",449.08,2944,FALSE,,,,,,,,,,,,,,,,
2681,24-Nov-25,A,FG - Radiance Face Oil - 30ml,1,03-Dec-25,Oil,3008.47,,36.00%,"1,925.42",346.58,2272,FALSE,,,,,,,,,,,,,,,,
2681,24-Nov-25,A,FG - Copper Peptide Serum - 10ml,4,03-Dec-25,Serum,1559.32,,36.00%,"3,991.86",718.54,4710.4,FALSE,,,,,,,,,,,,,,,,
2681,24-Nov-25,A,FG - VitC Body Oil - 100ml,10,03-Dec-25,Body,1144.07,,36.00%,"7,322.03",1317.97,8640,FALSE,,,,,,,,,,,,,,,,
2681,24-Nov-25,A,FG - Eye Serum - 10ml,17,03-Dec-25,Serum,1567.8,,36.00%,"17,057.63",3070.37,20128,FALSE,,,,,,,,,,,,,,,,
2682,21-Nov-25,6C,FG - CityLife Dration Treatment Kit,2,,Kit,7627.12,40.00%,25.00%,6635.59,1194.41,7830,TRUE,,,,,,,,,,,,,,,,
2682,21-Nov-25,6C,FG - Clarifying Mineral Treatment Kit,1,,Kit,7627.12,40.00%,25.00%,3317.8,597.2,3915,TRUE,,,,,,,,,,,,,,,,
2682,21-Nov-25,6C,FG - Mineral Drops - 10ml,6,,SPF,542.37,40.00%,25.00%,2264.95,407.69,2672.64,FALSE,,,,,,,,,,,,,,,,
2682,21-Nov-25,6C,FG - MultiPeptide Ageing Treatment Kit,1,,Kit,10169.49,40.00%,25.00%,4423.73,796.27,5220,TRUE,,,,,,,,,,,,,,,,
2682,21-Nov-25,6D,FG - Radiance AntiOx Treatment Kit,2,,Kit,10169.49,40.00%,25.00%,8847.46,1592.54,10440,TRUE,,,,,,,,,,,,,,,,
2683,21-Nov-25,1E,FG - AHA Body Wash - 150ml,10,,Body,1398.31,45.00%,20.00%,9088.98,1636.02,10725,FALSE,,,,,,,,,,,,,,,,
2683,21-Nov-25,1E,FG - AHA Power Peel - 50ml,5,,Masks & Exfoliators,1864.41,45.00%,20.00%,6059.32,1090.68,7150,FALSE,,,,,,,,,,,,,,,,
2683,21-Nov-25,1E,FG - VitB Body Lotion - 100ml,5,,Body,1398.31,45.00%,20.00%,4544.49,818.01,5362.5,FALSE,,,,,,,,,,,,,,,,
2683,21-Nov-25,1E,FG - VitC Body Oil - 100ml,3,,Body,1144.07,45.00%,20.00%,2230.93,401.57,2632.5,FALSE,,,,,,,,,,,,,,,,
2684,22-Nov-25,10A,FG - MultiPeptide Ageing Treatment Kit,2,,Kit,10169.49,50.00%,35.00%,12203.39,2196.61,14400,TRUE,,,,,,,,,,,,,,,,
2685,22-Nov-25,V3,FG - MultiPeptide Ageing Treatment Kit,3,,Kit,10169.49,40.00%,35.00%,16779.66,3020.34,19800,TRUE,,,,,,,,,,,,,,,,
2686,22-Nov-25,1D,FG - MultiPeptide Ageing Treatment Kit,2,,Kit,10169.49,45.00%,20.00%,12203.39,2196.61,14400,TRUE,,,,,,,,,,,,,,,,
2687,22-Nov-25,1C,FG - MultiPeptide Ageing Treatment Kit,2,,Kit,10169.49,45.00%,20.00%,12203.39,2196.61,14400,TRUE,,,,,,,,,,,,,,,,
2687,22-Nov-25,1C,FG - Drating Cream - 50ml,3,,Cream,2330.51,45.00%,20.00%,4544.49,818.01,5362.5,FALSE,,,,,,,,,,,,,,,,
2688,22-Nov-25,1C,FG - Copper Peptide Serum - 10ml,5,,Serum,1559.32,45.00%,20.00%,5067.8,912.2,5980,FALSE,,,,,,,,,,,,,,,,
2688,22-Nov-25,1C,FG - Copper Peptide Serum - 30ml,5,,Serum,3898.31,45.00%,20.00%,12669.49,2280.51,14950,FALSE,,,,,,,,,,,,,,,,
2688,22-Nov-25,1C,FG - Drating Cream - 50ml,5,,Cream,2330.51,45.00%,20.00%,7574.15,1363.35,8937.5,FALSE,,,,,,,,,,,,,,,,
2688,22-Nov-25,1C,FG - Melting Balm Cleanser - 50ml,3,,Cleanser,1016.95,45.00%,20.00%,1983.05,356.95,2340,FALSE,,,,,,,,,,,,,,,,
2688,22-Nov-25,1C,FG - Milky Mineral Sunscreen - 40ml,5,,SPF,2372.88,45.00%,20.00%,7711.86,1388.14,9100,FALSE,,,,,,,,,,,,,,,,
2688,22-Nov-25,1C,FG - Everyday Shield - Yellow Pouch & Charms,5,,Combo,4025.42,45.00%,20.00%,13082.63,2354.87,15437.5,FALSE,,,,,,,,,,,,,,,,
2688,22-Nov-25,1C,FG - Double Cleansing Duo,5,,Combo,1949.15,45.00%,20.00%,6334.75,1140.25,7475,FALSE,,,,,,,,,,,,,,,,
2688,22-Nov-25,1C,FG - MultiPeptide Ageing Treatment Kit,0,,Kit,10169.49,45.00%,20.00%,0,0,0,TRUE,,,,,,,,,,,,,,,,
2688,22-Nov-25,1C,FG - Eye Care Ritual Kit,2,,Kit,10169.49,45.00%,20.00%,12203.39,2196.61,14400,TRUE,,,,,,,,,,,,,,,,
2689,22-Nov-25,F,FG - Double Cleansing Duo Nykaa,25,24-Nov-25,Combo,2245.76,,36.00%,35932.2,6467.8,42400,FALSE,,,,,,,,,,,,,,,,
2690,24-Nov-25,10B,FG - Nourishing Sleep Oil - 30ml,2,,Oil,2033.9,50.00%,35.00%,3050.85,549.15,3600,FALSE,,,,,,,,,,,,,,,,
2691,24-Nov-25,P,FG - Clarifying Concentrate - 10ml,10,,Serum,661.02,25.00%,20.00%,3966.1,713.9,4680,FALSE,,,,,,,,,,,,,,,,
2691,24-Nov-25,P,FG - Copper Peptide Serum - 10ml,15,,Serum,1559.32,25.00%,20.00%,14033.9,2526.1,16560,FALSE,,,,,,,,,,,,,,,,
2691,24-Nov-25,P,FG - Copper Peptide Serum - 30ml,10,,Serum,3898.31,25.00%,20.00%,23389.83,4210.17,27600,FALSE,,,,,,,,,,,,,,,,
2691,24-Nov-25,P,FG - Skin Perfecting Serum - 10ml,10,,Serum,830.51,25.00%,20.00%,4983.05,896.95,5880,FALSE,,,,,,,,,,,,,,,,
2691,24-Nov-25,P,FG - Correcting Concentrate - 10ml,20,,Serum,1220.34,25.00%,20.00%,14644.07,2635.93,17280,FALSE,,,,,,,,,,,,,,,,
2691,24-Nov-25,P,FG - Eye Serum - 10ml,10,,Serum,1567.8,25.00%,20.00%,9406.78,1693.22,11100,FALSE,,,,,,,,,,,,,,,,
2691,24-Nov-25,P,FG - Longevity Serum - 10ml,5,,Serum,661.02,25.00%,20.00%,1983.05,356.95,2340,FALSE,,,,,,,,,,,,,,,,
2691,24-Nov-25,P,FG - Regenerating Serum - 10ml,10,,Serum,1355.93,25.00%,20.00%,8135.59,1464.41,9600,FALSE,,,,,,,,,,,,,,,,
2692,24-Nov-25,N7,FG - Sea Salt Body Scrub - 200ml,4,,Body,2245.76,62.50%,40.00%,5389.83,970.17,6360,FALSE,,,,,,,,,,,,,,,,
2692,24-Nov-25,N7,FG - VitC Body Oil - 100ml,6,,Body,1144.07,62.50%,40.00%,4118.64,741.36,4860,FALSE,,,,,,,,,,,,,,,,
2692,24-Nov-25,N7,FG - Drating Cream - 50ml,6,,Cream,2330.51,62.50%,40.00%,8389.83,1510.17,9900,FALSE,,,,,,,,,,,,,,,,
2692,24-Nov-25,N7,FG - Correcting Concentrate - 10ml,6,,Serum,1220.34,62.50%,40.00%,4393.22,790.78,5184,FALSE,,,,,,,,,,,,,,,,
2692,24-Nov-25,N7,FG - Longevity Serum - 10ml,4,,Serum,661.02,62.50%,40.00%,1586.44,285.56,1872,FALSE,,,,,,,,,,,,,,,,
2693,24-Nov-25,6D,FG - Radiance AntiOx Treatment Kit,1,,Kit,10169.49,40.00%,25.00%,6101.69,1098.31,7200,TRUE,,,,,,,,,,,,,,,,
2693,24-Nov-25,6D,FG - Clarifying Mineral Treatment Kit,1,,Kit,7627.12,40.00%,25.00%,4576.27,823.73,5400,TRUE,,,,,,,,,,,,,,,,
2693,24-Nov-25,6D,FG - VitC Body Oil - 100ml,1,,Body,1144.07,40.00%,25.00%,858.05,154.45,1012.5,FALSE,,,,,,,,,,,,,,,,
2693,24-Nov-25,6D,FG - Melting Balm Cleanser - 50ml,3,,Cleanser,1016.95,40.00%,25.00%,2288.14,411.86,2700,FALSE,,,,,,,,,,,,,,,,
2693,24-Nov-25,6D,FG - AHA Face Wash - 100ml,3,,Cleanser,1228.81,40.00%,25.00%,2764.83,497.67,3262.5,FALSE,,,,,,,,,,,,,,,,
2693,24-Nov-25,6D,FG - Mineral Drops - 30ml,1,,SPF,1355.93,40.00%,25.00%,1016.95,183.05,1200,FALSE,,,,,,,,,,,,,,,,
2694,24-Nov-25,T,FG - CityLife Dration Treatment Kit,4,,Kit,7627.12,25.00%,25.00%,18305.08,3294.92,21600,TRUE,,,,,,,,,,,,,,,,
2694,24-Nov-25,T,FG - Radiance AntiOx Treatment Kit,4,,Kit,10169.49,25.00%,25.00%,24406.78,4393.22,28800,TRUE,,,,,,,,,,,,,,,,
2694,24-Nov-25,T,FG - Clarifying Mineral Treatment Kit,3,,Kit,7627.12,25.00%,25.00%,13728.81,2471.19,16200,TRUE,,,,,,,,,,,,,,,,
2694,24-Nov-25,T,FG - MultiPeptide Ageing Treatment Kit,3,,Kit,10169.49,25.00%,25.00%,18305.08,3294.92,21600,TRUE,,,,,,,,,,,,,,,,
2695,24-Nov-25,5D,FG - Eye Care Ritual Kit,1,,Kit,10169.49,40.00%,,6101.69,1098.31,7200,TRUE,,,,,,,,,,,,,,,,
2696,25-Nov-25,X,FG - Glow Body Massage Oil,,,B2B,236.44,50.00%,50.00%,0,0,0,TRUE,,,,,,,,,,,,,,,,
2696,25-Nov-25,X,FG - Scalp Oil 15ml,,,B2B,137.14,50.00%,50.00%,0,0,0,TRUE,,,,,,,,,,,,,,,,
2697,25-Nov-25,O,FG - MultiPeptide Ageing Treatment Kit,1,,Kit,10169.49,55.00%,,6101.69,1098.31,7200,TRUE,,,,,,,,,,,,,,,,
2698,25-Nov-25,X,FG - Marine Clay Mask 200ml,,,B2B,5338.98,50.00%,50.00%,0,0,0,TRUE,,,,,,,,,,,,,,,,
2698,25-Nov-25,X,FG - Nordic Mud Mask 200ml,,,B2B,6355.93,50.00%,50.00%,0,0,0,TRUE,,,,,,,,,,,,,,,,
2699,25-Nov-25,1B,FG - Correcting Concentrate - 30ml,2,,Serum,3050.85,45.00%,20.00%,3966.1,713.9,4680,FALSE,,,,,,,,,,,,,,,,
2699,25-Nov-25,1B,FG - Double Cleansing Duo,2,,Combo,1949.15,45.00%,20.00%,2533.9,456.1,2990,FALSE,,,,,,,,,,,,,,,,
2699,25-Nov-25,1B,FG - Milky Mineral Sunscreen - 40ml,3,,SPF,2372.88,45.00%,20.00%,4627.12,832.88,5460,FALSE,,,,,,,,,,,,,,,,
2699,25-Nov-25,1B,FG - Face Scrub - 50ml,0,,Masks & Exfoliators,1228.81,45.00%,20.00%,0,0,0,FALSE,,,,,,,,,,,,,,,,
2699,25-Nov-25,1B,FG - Melting Balm Cleanser - 50ml,1,,Cleanser,1016.95,45.00%,20.00%,661.02,118.98,780,FALSE,,,,,,,,,,,,,,,,
2700,25-Nov-25,1D,FG - Antioxidant Body Scrub - 200ml,1,,Body,1991.53,45.00%,20.00%,1294.49,233.01,1527.5,FALSE,,,,,,,,,,,,,,,,
2700,25-Nov-25,1D,FG - AHA Body Wash - 150ml,1,,Body,1398.31,45.00%,20.00%,908.9,163.6,1072.5,FALSE,,,,,,,,,,,,,,,,
2700,25-Nov-25,1D,FG - VitC Body Oil - 100ml,1,,Body,1144.07,45.00%,20.00%,743.64,133.86,877.5,FALSE,,,,,,,,,,,,,,,,
2700,25-Nov-25,1D,FG - Melting Balm Cleanser - 50ml,2,,Cleanser,1016.95,45.00%,20.00%,1322.03,237.97,1560,FALSE,,,,,,,,,,,,,,,,
2700,25-Nov-25,1D,FG - Nordic Mud Mask 200ml,0,,B2B,6355.93,45.00%,20.00%,0,0,0,TRUE,,,,,,,,,,,,,,,,
2700,25-Nov-25,1D,FG - Marine Clay Mask 200ml,2,,B2B,5338.98,45.00%,20.00%,6406.78,1153.22,7560,TRUE,,,,,,,,,,,,,,,,
2701,25-Nov-25,N10,FG - Milky Mineral Sunscreen - 5ml,20,,SPF,0,62.50%,40.00%,0,0,0,FALSE,,,,,,,,,,,,,,,,
2702,28-Nov-25,W,FG - Eye Care Ritual Kit,1,,Kit,10169.49,30.00%,30.00%,5084.75,915.25,6000,TRUE,,,,,,,,,,,,,,,,
2702,28-Nov-25,W,FG - Radiance AntiOx Treatment Kit,2,,Kit,10169.49,30.00%,30.00%,10169.49,1830.51,12000,TRUE,,,,,,,,,,,,,,,,
2703,28-Nov-25,W,FG - Melting Balm Cleanser - 50ml,1,,Cleanser,1016.95,30.00%,30.00%,762.71,137.29,900,FALSE,,,,,,,,,,,,,,,,
2703,28-Nov-25,W,FG - AHA Face Wash - 100ml,2,,Cleanser,1228.81,30.00%,30.00%,1843.22,331.78,2175,FALSE,,,,,,,,,,,,,,,,
2703,28-Nov-25,W,FG - Mineral Drops - 10ml,2,,SPF,542.37,30.00%,30.00%,813.56,146.44,960,FALSE,,,,,,,,,,,,,,,,
2703,28-Nov-25,W,FG - Longevity Serum - 10ml,2,,Serum,661.02,30.00%,30.00%,991.53,178.47,1170,FALSE,,,,,,,,,,,,,,,,
2703,28-Nov-25,W,FG - Correcting Concentrate - 10ml,2,,Serum,1220.34,30.00%,30.00%,1830.51,329.49,2160,FALSE,,,,,,,,,,,,,,,,
2703,28-Nov-25,W,FG - Bio-Retinol Cream - 30ml,2,,Cream,2415.25,30.00%,30.00%,3622.88,652.12,4275,FALSE,,,,,,,,,,,,,,,,
2703,28-Nov-25,W,FG - Eye Serum - 10ml,2,,Serum,1567.8,30.00%,30.00%,2351.69,423.31,2775,FALSE,,,,,,,,,,,,,,,,
2703,28-Nov-25,W,FG - Copper Peptide Serum - 10ml,2,,Serum,1559.32,30.00%,30.00%,2338.98,421.02,2760,FALSE,,,,,,,,,,,,,,,,
2703,28-Nov-25,W,FG - Overnight Peel - 10ml,2,,Serum,847.46,30.00%,30.00%,1271.19,228.81,1500,FALSE,,,,,,,,,,,,,,,,
2703,28-Nov-25,W,FG - Clarifying Concentrate - 10ml,2,,Serum,661.02,30.00%,30.00%,991.53,178.47,1170,FALSE,,,,,,,,,,,,,,,,
2702,28-Nov-25,W,FG - MultiPeptide Ageing Treatment Kit,1,,Kit,10169.49,30.00%,30.00%,5084.75,915.25,6000,TRUE,,,,,,,,,,,,,,,,
2702,28-Nov-25,W,FG - Clarifying Mineral Treatment Kit,0,,,,,,,,,,,,,,,,,,,,,,,,,
2704,26-Nov-25,7,FG - Radiance AntiOx Treatment Kit,2,,Kit,10169.49,30.00%,25.00%,12203.39,2196.61,14400,TRUE,,,,,,,,,,,,,,,,
2705,26-Nov-25,2B,FG - VitC Body Oil - 100ml,1,,Body,1144.07,20.00%,25.00%,800.85,144.15,945,FALSE,,,,,,,,,,,,,,,,
2705,26-Nov-25,2B,FG - AHA Body Wash - 150ml,1,,Body,1398.31,20.00%,25.00%,978.81,176.19,1155,FALSE,,,,,,,,,,,,,,,,
2705,26-Nov-25,2B,FG - Copper Peptide Serum - 10ml,1,,Serum,1559.32,20.00%,25.00%,1091.53,196.47,1288,FALSE,,,,,,,,,,,,,,,,
2705,26-Nov-25,2B,FG - Melting Balm Cleanser - 50ml,1,,Cleanser,1016.95,20.00%,25.00%,711.86,128.14,840,FALSE,,,,,,,,,,,,,,,,
2705,26-Nov-25,2B,FG - Skin Perfecting Serum - 10ml,1,,Serum,830.51,20.00%,25.00%,581.36,104.64,686,FALSE,,,,,,,,,,,,,,,,
2705,26-Nov-25,2B,FG - Night Repair Cream- 30ml,1,,Cream,2245.76,20.00%,25.00%,1572.03,282.97,1855,FALSE,,,,,,,,,,,,,,,,
2705,26-Nov-25,2B,FG - Mineral Drops - 10ml,1,,SPF,542.37,20.00%,25.00%,379.66,68.34,448,FALSE,,,,,,,,,,,,,,,,
2705,26-Nov-25,2B,FG - Soothing Cream - 50ml,1,,Cream,1864.41,20.00%,25.00%,1305.08,234.92,1540,FALSE,,,,,,,,,,,,,,,,
2705,26-Nov-25,2B,FG - Cream Cleanser - 100ml,1,,Cleanser,1483.05,20.00%,25.00%,1038.14,186.86,1225,FALSE,,,,,,,,,,,,,,,,
2706,26-Nov-25,1C,FG - MultiPeptide Ageing Treatment Kit,3,,Kit,10169.49,45.00%,20.00%,18305.08,3294.92,21600,TRUE,,,,,,,,,,,,,,,,
2707,28-Nov-25,F,FG - AHA Power Peel - 50ml,1,29-Nov-25,Masks & Exfoliators,1864.41,,36.00%,1193.22,214.78,1408,FALSE,,,,,,,,,,,,,,,,
2707,28-Nov-25,F,FG - VitB Body Lotion - 100ml,1,29-Nov-25,Body,1398.31,,36.00%,894.92,161.08,1056,FALSE,,,,,,,,,,,,,,,,
2707,28-Nov-25,F,FG - Correcting Concentrate - 30ml,1,29-Nov-25,Serum,3050.85,,36.00%,1952.54,351.46,2304,FALSE,,,,,,,,,,,,,,,,
2707,28-Nov-25,F,FG - AHA Face Wash - 100ml,1,29-Nov-25,Cleanser,1228.81,,36.00%,786.44,141.56,928,FALSE,,,,,,,,,,,,,,,,
2707,28-Nov-25,F,FG - Sea Salt Body Scrub - 200ml,2,29-Nov-25,Body,2245.76,,36.00%,2874.58,517.42,3392,FALSE,,,,,,,,,,,,,,,,
2707,28-Nov-25,F,FG - Milky Mineral Sunscreen - 40ml,4,29-Nov-25,SPF,2372.88,,36.00%,6074.58,1093.42,7168,FALSE,,,,,,,,,,,,,,,,
2707,28-Nov-25,F,FG - Copper Peptide Serum - 30ml,4,29-Nov-25,Serum,3898.31,,36.00%,9979.66,1796.34,11776,FALSE,,,,,,,,,,,,,,,,
2707,28-Nov-25,F,FG - Skin Perfecting Serum - 10ml,4,29-Nov-25,Serum,830.51,,36.00%,2126.1,382.7,2508.8,FALSE,,,,,,,,,,,,,,,,
2707,28-Nov-25,F,FG - Melting Balm Cleanser - 50ml,4,29-Nov-25,Cleanser,1016.95,,36.00%,2603.39,468.61,3072,FALSE,,,,,,,,,,,,,,,,
2707,28-Nov-25,F,FG - VitC Body Oil - 100ml,32,29-Nov-25,Body,1144.07,,36.00%,23430.51,4217.49,27648,FALSE,,,,,,,,,,,,,,,,
2707,28-Nov-25,F,FG - Eye Serum - 10ml,88,29-Nov-25,Serum,1567.8,,36.00%,88298.31,15893.69,104192,FALSE,,,,,,,,,,,,,,,,
2708,28-Nov-25,D,FG - AHA Power Peel - 50ml,1,06-Dec-25,Masks & Exfoliators,1864.41,,36.00%,1193.22,214.78,1408,FALSE,,,,,,,,,,,,,,,,
2708,28-Nov-25,D,FG - Skin Perfecting Serum - 10ml,1,06-Dec-25,Serum,830.51,,36.00%,531.53,95.67,627.2,FALSE,,,,,,,,,,,,,,,,
2708,28-Nov-25,D,FG - AHA Face Wash - 100ml,1,06-Dec-25,Cleanser,1228.81,,36.00%,786.44,141.56,928,FALSE,,,,,,,,,,,,,,,,
2708,28-Nov-25,D,FG - Copper Peptide Serum - 30ml,2,06-Dec-25,Serum,3898.31,,36.00%,4989.83,898.17,5888,FALSE,,,,,,,,,,,,,,,,
2708,28-Nov-25,D,FG - Sea Salt Body Scrub - 200ml,0,06-Dec-25,Body,2245.76,,36.00%,0,0,0,FALSE,,,,,,,,,,,,,,,,
2708,28-Nov-25,D,FG - Melting Balm Cleanser - 50ml,2,06-Dec-25,Cleanser,1016.95,,36.00%,1301.69,234.31,1536,FALSE,,,,,,,,,,,,,,,,
2708,28-Nov-25,D,FG - Milky Mineral Sunscreen - 40ml,3,06-Dec-25,SPF,2372.88,,36.00%,4555.93,820.07,5376,FALSE,,,,,,,,,,,,,,,,
2708,28-Nov-25,D,FG - VitC Body Oil - 100ml,38,06-Dec-25,Body,1144.07,,36.00%,27823.73,5008.27,32832,FALSE,,,,,,,,,,,,,,,,
2708,28-Nov-25,D,FG - Eye Serum - 10ml,47,06-Dec-25,Serum,1567.8,,36.00%,47159.32,8488.68,55648,FALSE,,,,,,,,,,,,,,,,
2709,27-Nov-25,B,FG - AHA Power Peel - 50ml,0,06-Dec-25,Masks & Exfoliators,1864.41,,36.00%,0,0,0,FALSE,,,,,,,,,,,,,,,,
2709,27-Nov-25,B,FG - Copper Peptide Serum - 30ml,0,06-Dec-25,Serum,3898.31,,36.00%,0,0,0,FALSE,,,,,,,,,,,,,,,,
2709,27-Nov-25,B,FG - Correcting Concentrate - 30ml,0,06-Dec-25,Serum,3050.85,,36.00%,0,0,0,FALSE,,,,,,,,,,,,,,,,
2709,27-Nov-25,B,FG - AHA Face Wash - 100ml,0,06-Dec-25,Cleanser,1228.81,,36.00%,0,0,0,FALSE,,,,,,,,,,,,,,,,
2709,27-Nov-25,B,FG - Sea Salt Body Scrub - 200ml,0,06-Dec-25,Body,2245.76,,36.00%,0,0,0,FALSE,,,,,,,,,,,,,,,,
2709,27-Nov-25,B,FG - Eye Serum - 10ml,0,06-Dec-25,Serum,1567.8,,36.00%,0,0,0,FALSE,,,,,,,,,,,,,,,,
2709,27-Nov-25,B,FG - VitC Body Oil - 100ml,0,06-Dec-25,Body,1144.07,,36.00%,0,0,0,FALSE,,,,,,,,,,,,,,,,
2710,27-Nov-25,1D,FG - Nordic Mud Mask 200ml,2,,B2B,6355.93,45.00%,20.00%,7627.12,1372.88,9000,TRUE,,,,,,,,,,,,,,,,
2711,27-Nov-25,1B,FG - Face Scrub - 50ml,2,,Masks & Exfoliators,1228.81,45.00%,20.00%,1597.46,287.54,1885,FALSE,,,,,,,,,,,,,,,,
2712,27-Nov-25,N Warehouse,FG - Bio-Retinol Cream - 30ml,2,,Cream,2415.25,62.50%,40.00%,2898.31,521.69,3420,FALSE,,,,,,,,,,,,,,,,
2712,27-Nov-25,N Warehouse,FG - Copper Peptide Serum - 30ml,3,,Serum,3898.31,62.50%,40.00%,7016.95,1263.05,8280,FALSE,,,,,,,,,,,,,,,,
2712,27-Nov-25,N Warehouse,FG - Correcting Concentrate - 30ml,3,,Serum,3050.85,62.50%,40.00%,5491.53,988.47,6480,FALSE,,,,,,,,,,,,,,,,
2712,27-Nov-25,N Warehouse,FG - Soothing Cream - 50ml,3,,Cream,1864.41,62.50%,40.00%,3355.93,604.07,3960,FALSE,,,,,,,,,,,,,,,,
2713,27-Nov-25,1F,FG - AHA Body Wash - 150ml,,,Body,1398.31,45.00%,20.00%,0,0,0,FALSE,,,,,,,,,,,,,,,,
2713,27-Nov-25,1F,FG - AHA Power Peel - 50ml,,,Masks & Exfoliators,1864.41,45.00%,20.00%,0,0,0,FALSE,,,,,,,,,,,,,,,,
2713,27-Nov-25,1F,FG - Antioxidant Body Scrub - 200ml,,,Body,1991.53,45.00%,20.00%,0,0,0,FALSE,,,,,,,,,,,,,,,,
2713,27-Nov-25,1F,FG - Clarifying Concentrate - 30ml,,,Serum,1652.54,45.00%,20.00%,0,0,0,FALSE,,,,,,,,,,,,,,,,
2713,27-Nov-25,1F,FG - Copper Peptide Serum - 30ml,,,Serum,3898.31,45.00%,20.00%,0,0,0,FALSE,,,,,,,,,,,,,,,,
2713,27-Nov-25,1F,FG - Correcting Concentrate - 30ml,,,Serum,3050.85,45.00%,20.00%,0,0,0,FALSE,,,,,,,,,,,,,,,,
2713,27-Nov-25,1F,FG - Eye Serum - 10ml,,,Serum,1567.8,45.00%,20.00%,0,0,0,FALSE,,,,,,,,,,,,,,,,
2713,27-Nov-25,1F,FG - Drating Cream - 50ml,,,Cream,2330.51,45.00%,20.00%,0,0,0,FALSE,,,,,,,,,,,,,,,,
2713,27-Nov-25,1F,FG - Longevity Serum - 30ml,,,Serum,1652.54,45.00%,20.00%,0,0,0,FALSE,,,,,,,,,,,,,,,,
2713,27-Nov-25,1F,FG - Marine Clay Mask - 50ml,,,Masks & Exfoliators,1567.8,45.00%,20.00%,0,0,0,FALSE,,,,,,,,,,,,,,,,
2713,27-Nov-25,1F,FG - Mineral Drops - 30ml,,,SPF,1355.93,45.00%,20.00%,0,0,0,FALSE,,,,,,,,,,,,,,,,
2713,27-Nov-25,1F,FG - VitC Body Oil - 100ml,,,Body,1144.07,45.00%,20.00%,0,0,0,FALSE,,,,,,,,,,,,,,,,
2713,27-Nov-25,1F,FG - Nordic Mud Mask - 50ml,,,Masks & Exfoliators,1991.53,45.00%,20.00%,0,0,0,FALSE,,,,,,,,,,,,,,,,
2713,27-Nov-25,1F,FG - Overnight Peel - 30ml,,,Serum,2118.64,45.00%,20.00%,0,0,0,FALSE,,,,,,,,,,,,,,,,
2713,27-Nov-25,1F,FG - Radiance Face Oil - 30ml,,,Oil,3008.47,45.00%,20.00%,0,0,0,FALSE,,,,,,,,,,,,,,,,
2713,27-Nov-25,1F,FG - Regenerating Serum - 30ml,,,Serum,3389.83,45.00%,20.00%,0,0,0,FALSE,,,,,,,,,,,,,,,,
2713,27-Nov-25,1F,FG - Sea Salt Body Scrub - 200ml,,,Body,2245.76,45.00%,20.00%,0,0,0,FALSE,,,,,,,,,,,,,,,,
2713,27-Nov-25,1F,FG - VitB Body Lotion - 100ml,,,Body,1398.31,45.00%,20.00%,0,0,0,FALSE,,,,,,,,,,,,,,,,
2713,27-Nov-25,1F,FG - Nourishing Sleep Oil - 30ml,,,Oil,2033.9,45.00%,20.00%,0,0,0,FALSE,,,,,,,,,,,,,,,,
2714,27-Nov-25,1F,FG - AHA Body Wash - 150ml,,,Body,1398.31,45.00%,20.00%,0,0,0,FALSE,,,,,,,,,,,,,,,,
2714,27-Nov-25,1F,FG - AHA Power Peel - 50ml,,,Masks & Exfoliators,1864.41,45.00%,20.00%,0,0,0,FALSE,,,,,,,,,,,,,,,,
2714,27-Nov-25,1F,FG - Antioxidant Body Scrub - 200ml,,,Body,1991.53,45.00%,20.00%,0,0,0,FALSE,,,,,,,,,,,,,,,,
2714,27-Nov-25,1F,FG - Marine Clay Mask 200ml,,,B2B,5338.98,45.00%,20.00%,0,0,0,TRUE,,,,,,,,,,,,,,,,
2714,27-Nov-25,1F,FG - VitC Body Oil - 100ml,,,Body,1144.07,45.00%,20.00%,0,0,0,FALSE,,,,,,,,,,,,,,,,
2714,27-Nov-25,1F,FG - Nordic Mud Mask - 50ml,,,Masks & Exfoliators,1991.53,45.00%,20.00%,0,0,0,FALSE,,,,,,,,,,,,,,,,
2714,27-Nov-25,1F,FG - Nourishing Sleep Oil - 30ml,,,Oil,2033.9,45.00%,20.00%,0,0,0,FALSE,,,,,,,,,,,,,,,,
2714,27-Nov-25,1F,FG - Sea Salt Body Scrub - 200ml,,,Body,2245.76,45.00%,20.00%,0,0,0,FALSE,,,,,,,,,,,,,,,,
2714,27-Nov-25,1F,FG - VitB Body Lotion - 100ml,,,Body,1398.31,45.00%,20.00%,0,0,0,FALSE,,,,,,,,,,,,,,,,
2714,27-Nov-25,1F,FG - Eye Care Ritual Kit,,,Kit,10169.49,45.00%,20.00%,0,0,0,TRUE,,,,,,,,,,,,,,,,
2714,27-Nov-25,1F,FG - CityLife Dration Treatment Kit,,,Kit,7627.12,45.00%,20.00%,0,0,0,TRUE,,,,,,,,,,,,,,,,
2714,27-Nov-25,1F,FG - Clarifying Mineral Treatment Kit,,,Kit,7627.12,45.00%,20.00%,0,0,0,TRUE,,,,,,,,,,,,,,,,
2714,27-Nov-25,1F,FG - Radiance AntiOx Treatment Kit,,,Kit,10169.49,45.00%,20.00%,0,0,0,TRUE,,,,,,,,,,,,,,,,
2714,27-Nov-25,1F,FG - MultiPeptide Ageing Treatment Kit,,,Kit,10169.49,45.00%,20.00%,0,0,0,TRUE,,,,,,,,,,,,,,,,
2715,27-Nov-25,8,FG - Radiance AntiOx Treatment Kit,3,,Kit,10169.49,50.00%,45.00%,18305.08,3294.92,21600,TRUE,,,,,,,,,,,,,,,,
2715,27-Nov-25,8,FG - AHA Face Wash - 100ml,1,,Cleanser,1228.81,50.00%,45.00%,860.17,154.83,1015,FALSE,,,,,,,,,,,,,,,,
2715,27-Nov-25,8,FG - Melting Balm Cleanser - 50ml,1,,Cleanser,1016.95,50.00%,45.00%,711.86,128.14,840,FALSE,,,,,,,,,,,,,,,,
2715,27-Nov-25,8,FG - Cream Cleanser - 100ml,1,,Cleanser,1483.05,50.00%,45.00%,1038.14,186.86,1225,FALSE,,,,,,,,,,,,,,,,
2716,28-Nov-25,6D,FG - CityLife Dration Treatment Kit,3,,Kit,7627.12,40.00%,25.00%,9953.39,1791.61,11745,TRUE,,,,,,,,,,,,,,,,
2716,28-Nov-25,6D,FG - Clarifying Mineral Treatment Kit,0,,Kit,7627.12,40.00%,25.00%,0,0,0,TRUE,,,,,,,,,,,,,,,,
2716,28-Nov-25,6D,FG - Eye Care Ritual Kit,2,,Kit,10169.49,40.00%,25.00%,8847.46,1592.54,10440,TRUE,,,,,,,,,,,,,,,,
2716,28-Nov-25,6D,FG - MultiPeptide Ageing Treatment Kit,3,,Kit,10169.49,40.00%,25.00%,13271.19,2388.81,15660,TRUE,,,,,,,,,,,,,,,,
2716,28-Nov-25,6D,FG - Radiance AntiOx Treatment Kit,2,,Kit,10169.49,40.00%,25.00%,8847.46,1592.54,10440,TRUE,,,,,,,,,,,,,,,,
2716,28-Nov-25,6D,FG - Radiance Face Oil - 10ml,1,,Oil,1228.81,40.00%,25.00%,855.25,153.95,1009.2,FALSE,,,,,,,,,,,,,,,,
2717,28-Nov-25,F,FG - Copper Peptide Serum - 30ml,1,28-Nov-25,Serum,3898.31,,36.00%,2494.92,449.08,2944,FALSE,,,,,,,,,,,,,,,,
2717,28-Nov-25,F,FG - Correcting Concentrate - 30ml,1,28-Nov-25,Serum,3050.85,,36.00%,1952.54,351.46,2304,FALSE,,,,,,,,,,,,,,,,
2717,28-Nov-25,F,FG - Sea Salt Body Scrub - 200ml,1,28-Nov-25,Body,2245.76,,36.00%,1437.29,258.71,1696,FALSE,,,,,,,,,,,,,,,,
2717,28-Nov-25,F,FG - AHA Face Wash - 100ml,0,28-Nov-25,Cleanser,1228.81,,36.00%,0,0,0,FALSE,,,,,,,,,,,,,,,,
2717,28-Nov-25,F,FG - Skin Perfecting Serum - 10ml,1,28-Nov-25,Serum,830.51,,36.00%,531.53,95.67,627.2,FALSE,,,,,,,,,,,,,,,,
2717,28-Nov-25,F,FG - Radiance Face Oil - 30ml,2,28-Nov-25,Oil,3008.47,,36.00%,3850.85,693.15,4544,FALSE,,,,,,,,,,,,,,,,
2717,28-Nov-25,F,FG - Drating Cream - 50ml,3,28-Nov-25,Cream,2330.51,,36.00%,4474.58,805.42,5280,FALSE,,,,,,,,,,,,,,,,
2717,28-Nov-25,F,FG - Melting Balm Cleanser - 50ml,6,28-Nov-25,Cleanser,1016.95,,36.00%,3905.08,702.92,4608,FALSE,,,,,,,,,,,,,,,,
2717,28-Nov-25,F,FG - Night Repair Cream- 30ml,6,28-Nov-25,Cream,2245.76,,36.00%,8623.73,1552.27,10176,FALSE,,,,,,,,,,,,,,,,
2717,28-Nov-25,F,FG - Copper Peptide Serum - 10ml,14,28-Nov-25,Serum,1559.32,,36.00%,13971.53,2514.87,16486.4,FALSE,,,,,,,,,,,,,,,,
2717,28-Nov-25,F,FG - VitC Body Oil - 100ml,53,28-Nov-25,Body,1144.07,,36.00%,38806.78,6985.22,45792,FALSE,,,,,,,,,,,,,,,,
2717,28-Nov-25,F,FG - Eye Serum - 10ml,135,28-Nov-25,Serum,1567.8,,36.00%,135457.63,24382.37,159840,FALSE,,,,,,,,,,,,,,,,
2718,28-Nov-25,F,FG - AHA Face Wash - 100ml,0,28-Nov-25,Cleanser,1228.81,,36.00%,0,0,0,FALSE,,,,,,,,,,,,,,,,
2718,28-Nov-25,F,FG - Melting Balm Cleanser - 50ml,4,28-Nov-25,Cleanser,1016.95,,36.00%,2603.39,468.61,3072,FALSE,,,,,,,,,,,,,,,,
2718,28-Nov-25,F,FG - VitC Body Oil - 100ml,11,28-Nov-25,Body,1144.07,,36.00%,8054.24,1449.76,9504,FALSE,,,,,,,,,,,,,,,,
2718,28-Nov-25,F,FG - Eye Serum - 10ml,30,28-Nov-25,Serum,1567.8,,36.00%,30101.69,5418.31,35520,FALSE,,,,,,,,,,,,,,,,
2719,28-Nov-25,Y,FG - Correcting Concentrate - 30ml,2,,Serum,3050.85,50.00%,45.00%,3355.93,604.07,3960,FALSE,,,,,,,,,,,,,,,,
2719,28-Nov-25,Y,FG - Copper Peptide Serum - 30ml,1,,Serum,3898.31,50.00%,45.00%,2144.07,385.93,2530,FALSE,,,,,,,,,,,,,,,,
2719,28-Nov-25,Y,FG - Bio-Retinol Cream - 30ml,2,,Cream,2415.25,50.00%,45.00%,2656.78,478.22,3135,FALSE,,,,,,,,,,,,,,,,
2719,28-Nov-25,Y,FG - Scalp Oil 15ml,30,,B2B,137.14,50.00%,45.00%,2057.14,370.29,2427.43,TRUE,,,,,,,,,,,,,,,,
2719,28-Nov-25,Y,FG - Glow Body Massage Oil,20,,B2B,236.44,50.00%,45.00%,2364.41,425.59,2790,TRUE,,,,,,,,,,,,,,,,
2719,28-Nov-25,Y,FG - AHA Face Wash - 100ml,2,,Cleanser,1228.81,50.00%,45.00%,1351.69,243.31,1595,FALSE,,,,,,,,,,,,,,,,
2719,28-Nov-25,Y,FG - AHA Body Wash - 150ml,2,,Body,1398.31,50.00%,45.00%,1538.14,276.86,1815,FALSE,,,,,,,,,,,,,,,,
2720,28-Nov-25,9,FG - Drating Cream - 50ml,1,,Cream,2330.51,55.00%,27.00%,1621.22,291.82,1913.04,FALSE,,,,,,,,,,,,,,,,
2720,28-Nov-25,9,FG - AHA Face Wash - 100ml,4,,Cleanser,1228.81,55.00%,27.00%,3419.31,615.48,4034.78,FALSE,,,,,,,,,,,,,,,,
2720,28-Nov-25,9,FG - Nourishing Sleep Oil - 30ml,1,,Oil,2033.9,55.00%,27.00%,1414.89,254.68,1669.57,FALSE,,,,,,,,,,,,,,,,
2720,28-Nov-25,9,FG - Face Scrub - 50ml,1,,Masks & Exfoliators,1228.81,55.00%,27.00%,854.83,153.87,1008.7,FALSE,,,,,,,,,,,,,,,,
2721,28-Nov-25,N10,FG - Radiance AntiOx Treatment Kit,2,,Kit,10169.49,62.50%,40.00%,7627.12,1372.88,9000,TRUE,,,,,,,,,,,,,,,,
2721,28-Nov-25,N10,FG - MultiPeptide Ageing Treatment Kit,2,,Kit,10169.49,62.50%,40.00%,7627.12,1372.88,9000,TRUE,,,,,,,,,,,,,,,,
2721,28-Nov-25,N10,FG - Eye Care Ritual Kit,1,,Kit,10169.49,62.50%,40.00%,3813.56,686.44,4500,TRUE,,,,,,,,,,,,,,,,
2721,28-Nov-25,N10,FG - AHA Power Peel - 50ml,2,,Masks & Exfoliators,1864.41,62.50%,40.00%,2237.29,402.71,2640,FALSE,,,,,,,,,,,,,,,,
2721,28-Nov-25,N10,FG - Face Scrub - 250ml,0,,B2B,6144.07,60.00%,60.00%,0,0,0,TRUE,,,,,,,,,,,,,,,,
2722,29-Nov-25,3C,FG - Melting Balm Cleanser - 50ml,4,,Cleanser,1016.95,20.00%,25.00%,2440.68,439.32,2880,FALSE,,,,,,,,,,,,,,,,
2722,29-Nov-25,3C,FG - AHA Face Wash - 100ml,2,,Cleanser,1228.81,20.00%,25.00%,1474.58,265.42,1740,FALSE,,,,,,,,,,,,,,,,
2722,29-Nov-25,3C,FG - Cream Cleanser - 100ml,2,,Cleanser,1483.05,20.00%,25.00%,1779.66,320.34,2100,FALSE,,,,,,,,,,,,,,,,
2722,29-Nov-25,3C,FG - Correcting Concentrate - 30ml,3,,Serum,3050.85,20.00%,25.00%,5491.53,988.47,6480,FALSE,,,,,,,,,,,,,,,,
2722,29-Nov-25,3C,FG - Copper Peptide Serum - 30ml,2,,Serum,3898.31,20.00%,25.00%,4677.97,842.03,5520,FALSE,,,,,,,,,,,,,,,,
2722,29-Nov-25,3C,FG - Regenerating Serum - 30ml,1,,Serum,3389.83,20.00%,25.00%,2033.9,366.1,2400,FALSE,,,,,,,,,,,,,,,,
2722,29-Nov-25,3C,FG - Clarifying Concentrate - 30ml,1,,Serum,1652.54,20.00%,25.00%,991.53,178.47,1170,FALSE,,,,,,,,,,,,,,,,
2722,29-Nov-25,3C,FG - Skin Perfecting Serum - 30ml,2,,Serum,2076.27,20.00%,25.00%,2491.53,448.47,2940,FALSE,,,,,,,,,,,,,,,,
2722,29-Nov-25,3C,FG - Drating Cream - 50ml,3,,Cream,2330.51,20.00%,25.00%,4194.92,755.08,4950,FALSE,,,,,,,,,,,,,,,,
2722,29-Nov-25,3C,FG - Face Scrub - 50ml,2,,Masks & Exfoliators,1228.81,20.00%,25.00%,1474.58,265.42,1740,FALSE,,,,,,,,,,,,,,,,
2722,29-Nov-25,3C,FG - Eye Serum - 10ml,18,,Serum,1567.8,20.00%,25.00%,16932.2,3047.8,19980,FALSE,,,,,,,,,,,,,,,,
2722,29-Nov-25,3C,FG - AHA Body Wash - 150ml,3,,Body,1398.31,20.00%,25.00%,2516.95,453.05,2970,FALSE,,,,,,,,,,,,,,,,
2722,29-Nov-25,3C,FG - Antioxidant Body Scrub - 200ml,3,,Body,1991.53,20.00%,25.00%,3584.75,645.25,4230,FALSE,,,,,,,,,,,,,,,,
2723,29-Nov-25,Y,FG - Cream Cleanser - 100ml,4,,Cleanser,1483.05,65.00%,55.00%,2669.49,480.51,3150,FALSE,,,,,,,,,,,,,,,,
2723,29-Nov-25,Y,FG - Face Scrub - 50ml,3,,Masks & Exfoliators,1228.81,65.00%,55.00%,1658.9,298.6,1957.5,FALSE,,,,,,,,,,,,,,,,
2723,29-Nov-25,Y,FG - Mineral Drops - 30ml,4,,SPF,1355.93,65.00%,55.00%,2440.68,439.32,2880,FALSE,,,,,,,,,,,,,,,,
2723,29-Nov-25,Y,FG - Overnight Peel - 10ml,4,,Serum,847.46,65.00%,55.00%,1525.42,274.58,1800,FALSE,,,,,,,,,,,,,,,,
2723,29-Nov-25,Y,FG - Skin Perfecting Serum - 10ml,3,,Serum,830.51,65.00%,55.00%,1121.19,201.81,1323,FALSE,,,,,,,,,,,,,,,,
2723,29-Nov-25,Y,FG - Clarifying Concentrate - 10ml,2,,Serum,661.02,65.00%,55.00%,594.92,107.08,702,FALSE,,,,,,,,,,,,,,,,
2723,29-Nov-25,Y,FG - Copper Peptide Serum - 10ml,4,,Serum,1559.32,65.00%,55.00%,2806.78,505.22,3312,FALSE,,,,,,,,,,,,,,,,
2723,29-Nov-25,Y,FG - Radiance Face Oil - 10ml,4,,Oil,1228.81,65.00%,55.00%,2211.86,398.14,2610,FALSE,,,,,,,,,,,,,,,,
2723,29-Nov-25,Y,FG - VitC Body Oil - 100ml,3,,Body,1144.07,65.00%,55.00%,1544.49,278.01,1822.5,FALSE,,,,,,,,,,,,,,,,
2723,29-Nov-25,Y,FG - Correcting Concentrate - 10ml,3,,Serum,1220.34,65.00%,55.00%,1647.46,296.54,1944,FALSE,,,,,,,,,,,,,,,,
2724,29-Nov-25,4D,FG - Radiance AntiOx Treatment Kit,0,,Kit,10169.49,35.00%,20.00%,0,0,0,TRUE,,,,,,,,,,,,,,,,
2724,29-Nov-25,4D,FG - MultiPeptide Ageing Treatment Kit,0,,Kit,10169.49,35.00%,20.00%,0,0,0,TRUE,,,,,,,,,,,,,,,,
2725,29-Nov-25,6D,FG - Radiance AntiOx Treatment Kit,0,,Kit,10169.49,40.00%,25.00%,0,0,0,TRUE,,,,,,,,,,,,,,,,
2725,29-Nov-25,6D,FG - VitC Body Oil - 100ml,0,,Body,1144.07,40.00%,25.00%,0,0,0,FALSE,,,,,,,,,,,,,,,,
2725,29-Nov-25,6D,FG - Mineral Drops - 10ml,0,,SPF,542.37,40.00%,25.00%,0,0,0,FALSE,,,,,,,,,,,,,,,,
,,,,,,,,,,0,0,0,FALSE,,,,,,,,,,,,,,,,
,,,,,,,,,,0,0,0,FALSE,,,,,,,,,,,,,,,,
,,,,,,,,,,0,0,0,FALSE,,,,,,,,,,,,,,,,
,,,,,,,,,,0,0,0,FALSE,,,,,,,,,,,,,,,,
,,,,,,,,,,0,0,0,FALSE,,,,,,,,,,,,,,,,
,,,,,,,,,,0,0,0,FALSE,,,,,,,,,,,,,,,,
,,,,,,,,,,0,0,0,FALSE,,,,,,,,,,,,,,,,
,,,,,,,,,,0,0,0,FALSE,,,,,,,,,,,,,,,,
,,,,,,,,,,0,0,0,FALSE,,,,,,,,,,,,,,,,
,,,,,,,,,,0,0,0,FALSE,,,,,,,,,,,,,,,,
,,,,,,,,,,0,0,0,FALSE,,,,,,,,,,,,,,,,
,,,,,,,,,,0,0,0,FALSE,,,,,,,,,,,,,,,,
,,,,,,,,,,0,0,0,FALSE,,,,,,,,,,,,,,,,
,,,,,,,,,,0,0,0,FALSE,,,,,,,,,,,,,,,,
,,,,,,,,,,0,0,0,FALSE,,,,,,,,,,,,,,,,
,,,,,,,,,,0,0,0,FALSE,,,,,,,,,,,,,,,,
,,,,,,,,,,0,0,0,FALSE,,,,,,,,,,,,,,,,
,,,,,,,,,,0,0,0,FALSE,,,,,,,,,,,,,,,,
,,,,,,,,,,0,0,0,FALSE,,,,,,,,,,,,,,,,
,,,,,,,,,,0,0,0,FALSE,,,,,,,,,,,,,,,,
,,,,,,,,,,0,0,0,FALSE,,,,,,,,,,,,,,,,
,,,,,,,,,,0,0,0,FALSE,,,,,,,,,,,,,,,,
,,,,,,,,,,0,0,0,FALSE,,,,,,,,,,,,,,,,
,,,,,,,,,,0,0,0,FALSE,,,,,,,,,,,,,,,,
,,,,,,,,,,0,0,0,FALSE,,,,,,,,,,,,,,,,
,,,,,,,,,,0,0,0,FALSE,,,,,,,,,,,,,,,,
,,,,,,,,,,0,0,0,FALSE,,,,,,,,,,,,,,,,
,,,,,,,,,,0,0,0,FALSE,,,,,,,,,,,,,,,,
,,,,,,,,,,0,0,0,FALSE,,,,,,,,,,,,,,,,
,,,,,,,,,,0,0,0,FALSE,,,,,,,,,,,,,,,,
,,,,,,,,,,0,0,0,FALSE,,,,,,,,,,,,,,,,
,,,,,,,,,,0,0,0,FALSE,,,,,,,,,,,,,,,,
,,,,,,,,,,0,0,0,FALSE,,,,,,,,,,,,,,,,
,,,,,,,,,,0,0,0,FALSE,,,,,,,,,,,,,,,,
,,,,,,,,,,0,0,0,FALSE,,,,,,,,,,,,,,,,
,,,,,,,,,,0,0,0,FALSE,,,,,,,,,,,,,,,,
,,,,,,,,,,0,0,0,FALSE,,,,,,,,,,,,,,,,
,,,,,,,,,,0,0,0,FALSE,,,,,,,,,,,,,,,,
,,,,,,,,,,0,0,0,FALSE,,,,,,,,,,,,,,,,
,,,,,,,,,,0,0,0,FALSE,,,,,,,,,,,,,,,,
,,,,,,,,,,0,0,0,FALSE,,,,,,,,,,,,,,,,
,,,,,,,,,,0,0,0,FALSE,,,,,,,,,,,,,,,,
,,,,,,,,,,0,0,0,FALSE,,,,,,,,,,,,,,,,
,,,,,,,,,,0,0,0,FALSE,,,,,,,,,,,,,,,,
,,,,,,,,,,0,0,0,FALSE,,,,,,,,,,,,,,,,
,,,,,,,,,,0,0,0,FALSE,,,,,,,,,,,,,,,,
,,,,,,,,,,0,0,0,FALSE,,,,,,,,,,,,,,,,
,,,,,,,,,,0,0,0,FALSE,,,,,,,,,,,,,,,,
,,,,,,,,,,0,0,0,FALSE,,,,,,,,,,,,,,,,
,,,,,,,,,,0,0,0,FALSE,,,,,,,,,,,,,,,,
,,,,,,,,,,0,0,0,FALSE,,,,,,,,,,,,,,,,
,,,,,,,,,,0,0,0,FALSE,,,,,,,,,,,,,,,,
,,,,,,,,,,0,0,0,FALSE,,,,,,,,,,,,,,,,
,,,,,,,,,,0,0,0,FALSE,,,,,,,,,,,,,,,,
,,,,,,,,,,0,0,0,FALSE,,,,,,,,,,,,,,,,
,,,,,,,,,,0,0,0,FALSE,,,,,,,,,,,,,,,,
,,,,,,,,,,0,0,0,FALSE,,,,,,,,,,,,,,,,
,,,,,,,,,,0,0,0,FALSE,,,,,,,,,,,,,,,,
,,,,,,,,,,0,0,0,FALSE,,,,,,,,,,,,,,,,
,,,,,,,,,,0,0,0,FALSE,,,,,,,,,,,,,,,,
,,,,,,,,,,0,0,0,FALSE,,,,,,,,,,,,,,,,
,,,,,,,,,,0,0,0,FALSE,,,,,,,,,,,,,,,,
,,,,,,,,,,0,0,0,FALSE,,,,,,,,,,,,,,,,
,,,,,,,,,,0,0,0,FALSE,,,,,,,,,,,,,,,,
,,,,,,,,,,0,0,0,FALSE,,,,,,,,,,,,,,,,
,,,,,,,,,,0,0,0,FALSE,,,,,,,,,,,,,,,,
,,,,,,,,,,0,0,0,FALSE,,,,,,,,,,,,,,,,
,,,,,,,,,,0,0,0,FALSE,,,,,,,,,,,,,,,,
,,,,,,,,,,0,0,0,FALSE,,,,,,,,,,,,,,,,
,,,,,,,,,,0,0,0,FALSE,,,,,,,,,,,,,,,,
,,,,,,,,,,0,0,0,FALSE,,,,,,,,,,,,,,,,
,,,,,,,,,,0,0,0,FALSE,,,,,,,,,,,,,,,,
,,,,,,,,,,0,0,0,FALSE,,,,,,,,,,,,,,,,
,,,,,,,,,,0,0,0,FALSE,,,,,,,,,,,,,,,,
,,,,,,,,,,0,0,0,FALSE,,,,,,,,,,,,,,,,
,,,,,,,,,,0,0,0,FALSE,,,,,,,,,,,,,,,,
,,,,,,,,,,0,0,0,FALSE,,,,,,,,,,,,,,,,
,,,,,,,,,,0,0,0,FALSE,,,,,,,,,,,,,,,,
,,,,,,,,,,0,0,0,FALSE,,,,,,,,,,,,,,,,
,,,,,,,,,,0,0,0,FALSE,,,,,,,,,,,,,,,,
,,,,,,,,,,0,0,0,FALSE,,,,,,,,,,,,,,,,
,,,,,,,,,,0,0,0,FALSE,,,,,,,,,,,,,,,,
,,,,,,,,,,0,0,0,FALSE,,,,,,,,,,,,,,,,
,,,,,,,,,,0,0,0,FALSE,,,,,,,,,,,,,,,,
,,,,,,,,,,0,0,0,FALSE,,,,,,,,,,,,,,,,
,,,,,,,,,,0,0,0,FALSE,,,,,,,,,,,,,,,,
,,,,,,,,,,0,0,0,FALSE,,,,,,,,,,,,,,,,
,,,,,,,,,,0,0,0,FALSE,,,,,,,,,,,,,,,,
,,,,,,,,,,0,0,0,FALSE,,,,,,,,,,,,,,,,
,,,,,,,,,,0,0,0,FALSE,,,,,,,,,,,,,,,,
,,,,,,,,,,0,0,0,FALSE,,,,,,,,,,,,,,,,
,,,,,,,,,,0,0,0,FALSE,,,,,,,,,,,,,,,,
,,,,,,,,,,0,0,0,FALSE,,,,,,,,,,,,,,,,
,,,,,,,,,,0,0,0,FALSE,,,,,,,,,,,,,,,,
,,,,,,,,,,0,0,0,FALSE,,,,,,,,,,,,,,,,
,,,,,,,,,,0,0,0,FALSE,,,,,,,,,,,,,,,,
,,,,,,,,,,0,0,0,FALSE,,,,,,,,,,,,,,,,
,,,,,,,,,,0,0,0,FALSE,,,,,,,,,,,,,,,,
,,,,,,,,,,0,0,0,FALSE,,,,,,,,,,,,,,,,
,,,,,,,,,,0,0,0,FALSE,,,,,,,,,,,,,,,,
,,,,,,,,,,0,0,0,FALSE,,,,,,,,,,,,,,,,
,,,,,,,,,,0,0,0,FALSE,,,,,,,,,,,,,,,,
,,,,,,,,,,0,0,0,FALSE,,,,,,,,,,,,,,,,
,,,,,,,,,,0,0,0,FALSE,,,,,,,,,,,,,,,,
,,,,,,,,,,0,0,0,FALSE,,,,,,,,,,,,,,,,
,,,,,,,,,,0,0,0,FALSE,,,,,,,,,,,,,,,,
,,,,,,,,,,0,0,0,FALSE,,,,,,,,,,,,,,,,
,,,,,,,,,,0,0,0,FALSE,,,,,,,,,,,,,,,,
,,,,,,,,,,0,0,0,FALSE,,,,,,,,,,,,,,,,
,,,,,,,,,,0,0,0,FALSE,,,,,,,,,,,,,,,,
,,,,,,,,,,0,0,0,FALSE,,,,,,,,,,,,,,,,
,,,,,,,,,,0,0,0,FALSE,,,,,,,,,,,,,,,,
,,,,,,,,,,0,0,0,FALSE,,,,,,,,,,,,,,,,
,,,,,,,,,,0,0,0,FALSE,,,,,,,,,,,,,,,,
,,,,,,,,,,0,0,0,FALSE,,,,,,,,,,,,,,,,
,,,,,,,,,,0,0,0,FALSE,,,,,,,,,,,,,,,,
,,,,,,,,,,0,0,0,FALSE,,,,,,,,,,,,,,,,
,,,,,,,,,,0,0,0,FALSE,,,,,,,,,,,,,,,,
,,,,,,,,,,0,0,0,FALSE,,,,,,,,,,,,,,,,
,,,,,,,,,,0,0,0,FALSE,,,,,,,,,,,,,,,,
,,,,,,,,,,0,0,0,FALSE,,,,,,,,,,,,,,,,
,,,,,,,,,,0,0,0,FALSE,,,,,,,,,,,,,,,,
,,,,,,,,,,0,0,0,FALSE,,,,,,,,,,,,,,,,
,,,,,,,,,,0,0,0,FALSE,,,,,,,,,,,,,,,,
,,,,,,,,,,0,0,0,FALSE,,,,,,,,,,,,,,,,
,,,,,,,,,,0,0,0,FALSE,,,,,,,,,,,,,,,,
,,,,,,,,,,0,0,0,FALSE,,,,,,,,,,,,,,,,
,,,,,,,,,,0,0,0,FALSE,,,,,,,,,,,,,,,,
,,,,,,,,,,0,0,0,FALSE,,,,,,,,,,,,,,,,
,,,,,,,,,,0,0,0,FALSE,,,,,,,,,,,,,,,,
,,,,,,,,,,0,0,0,FALSE,,,,,,,,,,,,,,,,
,,,,,,,,,,0,0,0,FALSE,,,,,,,,,,,,,,,,
,,,,,,,,,,0,0,0,FALSE,,,,,,,,,,,,,,,,
,,,,,,,,,,0,0,0,FALSE,,,,,,,,,,,,,,,,
,,,,,,,,,,0,0,0,FALSE,,,,,,,,,,,,,,,,
,,,,,,,,,,0,0,0,FALSE,,,,,,,,,,,,,,,,
,,,,,,,,,,0,0,0,FALSE,,,,,,,,,,,,,,,,
,,,,,,,,,,0,0,0,FALSE,,,,,,,,,,,,,,,,
,,,,,,,,,,0,0,0,FALSE,,,,,,,,,,,,,,,,
,,,,,,,,,,0,0,0,FALSE,,,,,,,,,,,,,,,,
,,,,,,,,,,0,0,0,FALSE,,,,,,,,,,,,,,,,
,,,,,,,,,,0,0,0,FALSE,,,,,,,,,,,,,,,,
,,,,,,,,,,0,0,0,FALSE,,,,,,,,,,,,,,,,
,,,,,,,,,,0,0,0,FALSE,,,,,,,,,,,,,,,,
,,,,,,,,,,0,0,0,FALSE,,,,,,,,,,,,,,,,
,,,,,,,,,,0,0,0,FALSE,,,,,,,,,,,,,,,,
,,,,,,,,,,0,0,0,FALSE,,,,,,,,,,,,,,,,
,,,,,,,,,,0,0,0,FALSE,,,,,,,,,,,,,,,,
,,,,,,,,,,0,0,0,FALSE,,,,,,,,,,,,,,,,
,,,,,,,,,,0,0,0,FALSE,,,,,,,,,,,,,,,,
,,,,,,,,,,0,0,0,FALSE,,,,,,,,,,,,,,,,
,,,,,,,,,,0,0,0,FALSE,,,,,,,,,,,,,,,,
,,,,,,,,,,0,0,0,FALSE,,,,,,,,,,,,,,,,
,,,,,,,,,,0,0,0,FALSE,,,,,,,,,,,,,,,,
,,,,,,,,,,0,0,0,FALSE,,,,,,,,,,,,,,,,
,,,,,,,,,,0,0,0,FALSE,,,,,,,,,,,,,,,,
,,,,,,,,,,0,0,0,FALSE,,,,,,,,,,,,,,,,
,,,,,,,,,,0,0,0,FALSE,,,,,,,,,,,,,,,,
,,,,,,,,,,0,0,0,FALSE,,,,,,,,,,,,,,,,
,,,,,,,,,,0,0,0,FALSE,,,,,,,,,,,,,,,,
,,,,,,,,,,0,0,0,FALSE,,,,,,,,,,,,,,,,
,,,,,,,,,,0,0,0,FALSE,,,,,,,,,,,,,,,,
,,,,,,,,,,0,0,0,FALSE,,,,,,,,,,,,,,,,
,,,,,,,,,,0,0,0,FALSE,,,,,,,,,,,,,,,,
,,,,,,,,,,0,0,0,FALSE,,,,,,,,,,,,,,,,
,,,,,,,,,,0,0,0,FALSE,,,,,,,,,,,,,,,,
,,,,,,,,,,0,0,0,FALSE,,,,,,,,,,,,,,,,
,,,,,,,,,,0,0,0,FALSE,,,,,,,,,,,,,,,,
,,,,,,,,,,0,0,0,FALSE,,,,,,,,,,,,,,,,
,,,,,,,,,,0,0,0,FALSE,,,,,,,,,,,,,,,,
,,,,,,,,,,0,0,0,FALSE,,,,,,,,,,,,,,,,
,,,,,,,,,,0,0,0,FALSE,,,,,,,,,,,,,,,,
,,,,,,,,,,0,0,0,FALSE,,,,,,,,,,,,,,,,
,,,,,,,,,,0,0,0,FALSE,,,,,,,,,,,,,,,,
,,,,,,,,,,0,0,0,FALSE,,,,,,,,,,,,,,,,
,,,,,,,,,,0,0,0,FALSE,,,,,,,,,,,,,,,,
,,,,,,,,,,0,0,0,FALSE,,,,,,,,,,,,,,,,
,,,,,,,,,,0,0,0,FALSE,,,,,,,,,,,,,,,,
,,,,,,,,,,0,0,0,FALSE,,,,,,,,,,,,,,,,
,,,,,,,,,,0,0,0,FALSE,,,,,,,,,,,,,,,,
,,,,,,,,,,0,0,0,FALSE,,,,,,,,,,,,,,,,
,,,,,,,,,,0,0,0,FALSE,,,,,,,,,,,,,,,,
,,,,,,,,,,0,0,0,FALSE,,,,,,,,,,,,,,,,
,,,,,,,,,,0,0,0,FALSE,,,,,,,,,,,,,,,,
,,,,,,,,,,0,0,0,FALSE,,,,,,,,,,,,,,,,
,,,,,,,,,,0,0,0,FALSE,,,,,,,,,,,,,,,,
,,,,,,,,,,0,0,0,FALSE,,,,,,,,,,,,,,,,
,,,,,,,,,,0,0,0,FALSE,,,,,,,,,,,,,,,,
,,,,,,,,,,0,0,0,FALSE,,,,,,,,,,,,,,,,
,,,,,,,,,,0,0,0,FALSE,,,,,,,,,,,,,,,,
,,,,,,,,,,0,0,0,FALSE,,,,,,,,,,,,,,,,
,,,,,,,,,,0,0,0,FALSE,,,,,,,,,,,,,,,,
,,,,,,,,,,0,0,0,FALSE,,,,,,,,,,,,,,,,
,,,,,,,,,,0,0,0,FALSE,,,,,,,,,,,,,,,,
,,,,,,,,,,0,0,0,FALSE,,,,,,,,,,,,,,,,
,,,,,,,,,,0,0,0,FALSE,,,,,,,,,,,,,,,,
,,,,,,,,,,0,0,0,FALSE,,,,,,,,,,,,,,,,
,,,,,,,,,,0,0,0,FALSE,,,,,,,,,,,,,,,,
,,,,,,,,,,0,0,0,FALSE,,,,,,,,,,,,,,,,
,,,,,,,,,,0,0,0,FALSE,,,,,,,,,,,,,,,,
,,,,,,,,,,0,0,0,FALSE,,,,,,,,,,,,,,,,
,,,,,,,,,,0,0,0,FALSE,,,,,,,,,,,,,,,,
,,,,,,,,,,0,0,0,FALSE,,,,,,,,,,,,,,,,
,,,,,,,,,,0,0,0,FALSE,,,,,,,,,,,,,,,,
,,,,,,,,,,0,0,0,FALSE,,,,,,,,,,,,,,,,
,,,,,,,,,,0,0,0,FALSE,,,,,,,,,,,,,,,,
,,,,,,,,,,0,0,0,FALSE,,,,,,,,,,,,,,,,
,,,,,,,,,,0,0,0,FALSE,,,,,,,,,,,,,,,,
,,,,,,,,,,0,0,0,FALSE,,,,,,,,,,,,,,,,
,,,,,,,,,,0,0,0,FALSE,,,,,,,,,,,,,,,,
,,,,,,,,,,0,0,0,FALSE,,,,,,,,,,,,,,,,
,,,,,,,,,,0,0,0,FALSE,,,,,,,,,,,,,,,,
,,,,,,,,,,0,0,0,FALSE,,,,,,,,,,,,,,,,
,,,,,,,,,,0,0,0,FALSE,,,,,,,,,,,,,,,,
,,,,,,,,,,0,0,0,FALSE,,,,,,,,,,,,,,,,
,,,,,,,,,,0,0,0,FALSE,,,,,,,,,,,,,,,,
,,,,,,,,,,0,0,0,FALSE,,,,,,,,,,,,,,,,
,,,,,,,,,,0,0,0,FALSE,,,,,,,,,,,,,,,,
,,,,,,,,,,0,0,0,FALSE,,,,,,,,,,,,,,,,
,,,,,,,,,,0,0,0,FALSE,,,,,,,,,,,,,,,,
,,,,,,,,,,0,0,0,FALSE,,,,,,,,,,,,,,,,
,,,,,,,,,,0,0,0,FALSE,,,,,,,,,,,,,,,,
,,,,,,,,,,0,0,0,FALSE,,,,,,,,,,,,,,,,
,,,,,,,,,,0,0,0,FALSE,,,,,,,,,,,,,,,,
,,,,,,,,,,0,0,0,FALSE,,,,,,,,,,,,,,,,
,,,,,,,,,,0,0,0,FALSE,,,,,,,,,,,,,,,,
,,,,,,,,,,0,0,0,FALSE,,,,,,,,,,,,,,,,
,,,,,,,,,,0,0,0,FALSE,,,,,,,,,,,,,,,,
,,,,,,,,,,0,0,0,FALSE,,,,,,,,,,,,,,,,
,,,,,,,,,,0,0,0,FALSE,,,,,,,,,,,,,,,,
,,,,,,,,,,0,0,0,FALSE,,,,,,,,,,,,,,,,
,,,,,,,,,,0,0,0,FALSE,,,,,,,,,,,,,,,,
,,,,,,,,,,0,0,0,FALSE,,,,,,,,,,,,,,,,
,,,,,,,,,,0,0,0,FALSE,,,,,,,,,,,,,,,,
,,,,,,,,,,0,0,0,FALSE,,,,,,,,,,,,,,,,
,,,,,,,,,,0,0,0,FALSE,,,,,,,,,,,,,,,,
,,,,,,,,,,0,0,0,FALSE,,,,,,,,,,,,,,,,
,,,,,,,,,,0,0,0,FALSE,,,,,,,,,,,,,,,,
,,,,,,,,,,0,0,0,FALSE,,,,,,,,,,,,,,,,
,,,,,,,,,,0,0,0,FALSE,,,,,,,,,,,,,,,,
,,,,,,,,,,0,0,0,FALSE,,,,,,,,,,,,,,,,
,,,,,,,,,,0,0,0,FALSE,,,,,,,,,,,,,,,,
,,,,,,,,,,0,0,0,FALSE,,,,,,,,,,,,,,,,
,,,,,,,,,,0,0,0,FALSE,,,,,,,,,,,,,,,,
,,,,,,,,,,0,0,0,FALSE,,,,,,,,,,,,,,,,
,,,,,,,,,,0,0,0,FALSE,,,,,,,,,,,,,,,,
,,,,,,,,,,0,0,0,FALSE,,,,,,,,,,,,,,,,
,,,,,,,,,,0,0,0,FALSE,,,,,,,,,,,,,,,,
,,,,,,,,,,0,0,0,FALSE,,,,,,,,,,,,,,,,
,,,,,,,,,,0,0,0,FALSE,,,,,,,,,,,,,,,,
,,,,,,,,,,0,0,0,FALSE,,,,,,,,,,,,,,,,
,,,,,,,,,,0,0,0,FALSE,,,,,,,,,,,,,,,,
,,,,,,,,,,0,0,0,FALSE,,,,,,,,,,,,,,,,
,,,,,,,,,,0,0,0,FALSE,,,,,,,,,,,,,,,,
,,,,,,,,,,0,0,0,FALSE,,,,,,,,,,,,,,,,
,,,,,,,,,,0,0,0,FALSE,,,,,,,,,,,,,,,,
,,,,,,,,,,0,0,0,FALSE,,,,,,,,,,,,,,,,
,,,,,,,,,,0,0,0,FALSE,,,,,,,,,,,,,,,,
,,,,,,,,,,0,0,0,FALSE,,,,,,,,,,,,,,,,
,,,,,,,,,,0,0,0,FALSE,,,,,,,,,,,,,,,,
,,,,,,,,,,0,0,0,FALSE,,,,,,,,,,,,,,,,
,,,,,,,,,,0,0,0,FALSE,,,,,,,,,,,,,,,,
,,,,,,,,,,0,0,0,FALSE,,,,,,,,,,,,,,,,
,,,,,,,,,,0,0,0,FALSE,,,,,,,,,,,,,,,,
,,,,,,,,,,0,0,0,FALSE,,,,,,,,,,,,,,,,
,,,,,,,,,,0,0,0,FALSE,,,,,,,,,,,,,,,,
,,,,,,,,,,0,0,0,FALSE,,,,,,,,,,,,,,,,
,,,,,,,,,,0,0,0,FALSE,,,,,,,,,,,,,,,,
,,,,,,,,,,0,0,0,FALSE,,,,,,,,,,,,,,,,
,,,,,,,,,,0,0,0,FALSE,,,,,,,,,,,,,,,,
,,,,,,,,,,0,0,0,FALSE,,,,,,,,,,,,,,,,
,,,,,,,,,,0,0,0,FALSE,,,,,,,,,,,,,,,,
,,,,,,,,,,0,0,0,FALSE,,,,,,,,,,,,,,,,
,,,,,,,,,,0,0,0,FALSE,,,,,,,,,,,,,,,,
,,,,,,,,,,0,0,0,FALSE,,,,,,,,,,,,,,,,
,,,,,,,,,,0,0,0,FALSE,,,,,,,,,,,,,,,,
,,,,,,,,,,0,0,0,FALSE,,,,,,,,,,,,,,,,
,,,,,,,,,,0,0,0,FALSE,,,,,,,,,,,,,,,,
,,,,,,,,,,0,0,0,FALSE,,,,,,,,,,,,,,,,
,,,,,,,,,,0,0,0,FALSE,,,,,,,,,,,,,,,,
,,,,,,,,,,0,0,0,FALSE,,,,,,,,,,,,,,,,
,,,,,,,,,,0,0,0,FALSE,,,,,,,,,,,,,,,,
,,,,,,,,,,0,0,0,FALSE,,,,,,,,,,,,,,,,
,,,,,,,,,,0,0,0,FALSE,,,,,,,,,,,,,,,,
,,,,,,,,,,0,0,0,FALSE,,,,,,,,,,,,,,,,
,,,,,,,,,,0,0,0,FALSE,,,,,,,,,,,,,,,,
,,,,,,,,,,0,0,0,FALSE,,,,,,,,,,,,,,,,
,,,,,,,,,,0,0,0,FALSE,,,,,,,,,,,,,,,,
,,,,,,,,,,0,0,0,FALSE,,,,,,,,,,,,,,,,
,,,,,,,,,,0,0,0,FALSE,,,,,,,,,,,,,,,,
,,,,,,,,,,0,0,0,FALSE,,,,,,,,,,,,,,,,
,,,,,,,,,,0,0,0,FALSE,,,,,,,,,,,,,,,,
,,,,,,,,,,0,0,0,FALSE,,,,,,,,,,,,,,,,
,,,,,,,,,,0,0,0,FALSE,,,,,,,,,,,,,,,,
,,,,,,,,,,0,0,0,FALSE,,,,,,,,,,,,,,,,
,,,,,,,,,,0,0,0,FALSE,,,,,,,,,,,,,,,,
,,,,,,,,,,0,0,0,FALSE,,,,,,,,,,,,,,,,
,,,,,,,,,,0,0,0,FALSE,,,,,,,,,,,,,,,,
,,,,,,,,,,0,0,0,FALSE,,,,,,,,,,,,,,,,
,,,,,,,,,,0,0,0,FALSE,,,,,,,,,,,,,,,,
,,,,,,,,,,0,0,0,FALSE,,,,,,,,,,,,,,,,
,,,,,,,,,,0,0,0,FALSE,,,,,,,,,,,,,,,,
,,,,,,,,,,0,0,0,FALSE,,,,,,,,,,,,,,,,
,,,,,,,,,,0,0,0,FALSE,,,,,,,,,,,,,,,,
,,,,,,,,,,0,0,0,FALSE,,,,,,,,,,,,,,,,
,,,,,,,,,,0,0,0,FALSE,,,,,,,,,,,,,,,,
,,,,,,,,,,0,0,0,FALSE,,,,,,,,,,,,,,,,
,,,,,,,,,,0,0,0,FALSE,,,,,,,,,,,,,,,,
,,,,,,,,,,0,0,0,FALSE,,,,,,,,,,,,,,,,
,,,,,,,,,,0,0,0,FALSE,,,,,,,,,,,,,,,,
,,,,,,,,,,0,0,0,FALSE,,,,,,,,,,,,,,,,
,,,,,,,,,,0,0,0,FALSE,,,,,,,,,,,,,,,,
,,,,,,,,,,0,0,0,FALSE,,,,,,,,,,,,,,,,
,,,,,,,,,,0,0,0,FALSE,,,,,,,,,,,,,,,,
,,,,,,,,,,0,0,0,FALSE,,,,,,,,,,,,,,,,
,,,,,,,,,,0,0,0,FALSE,,,,,,,,,,,,,,,,
,,,,,,,,,,0,0,0,FALSE,,,,,,,,,,,,,,,,
,,,,,,,,,,0,0,0,FALSE,,,,,,,,,,,,,,,,
,,,,,,,,,,0,0,0,FALSE,,,,,,,,,,,,,,,,
,,,,,,,,,,0,0,0,FALSE,,,,,,,,,,,,,,,,
,,,,,,,,,,0,0,0,FALSE,,,,,,,,,,,,,,,,
,,,,,,,,,,0,0,0,FALSE,,,,,,,,,,,,,,,,
,,,,,,,,,,0,0,0,FALSE,,,,,,,,,,,,,,,,
,,,,,,,,,,0,0,0,FALSE,,,,,,,,,,,,,,,,
,,,,,,,,,,0,0,0,FALSE,,,,,,,,,,,,,,,,
,,,,,,,,,,0,0,0,FALSE,,,,,,,,,,,,,,,,
,,,,,,,,,,0,0,0,FALSE,,,,,,,,,,,,,,,,
,,,,,,,,,,0,0,0,FALSE,,,,,,,,,,,,,,,,
,,,,,,,,,,0,0,0,FALSE,,,,,,,,,,,,,,,,
,,,,,,,,,,0,0,0,FALSE,,,,,,,,,,,,,,,,
,,,,,,,,,,0,0,0,FALSE,,,,,,,,,,,,,,,,
,,,,,,,,,,0,0,0,FALSE,,,,,,,,,,,,,,,,
,,,,,,,,,,0,0,0,FALSE,,,,,,,,,,,,,,,,
,,,,,,,,,,0,0,0,FALSE,,,,,,,,,,,,,,,,
,,,,,,,,,,0,0,0,FALSE,,,,,,,,,,,,,,,,
,,,,,,,,,,0,0,0,FALSE,,,,,,,,,,,,,,,,
,,,,,,,,,,0,0,0,FALSE,,,,,,,,,,,,,,,,
,,,,,,,,,,0,0,0,FALSE,,,,,,,,,,,,,,,,
,,,,,,,,,,0,0,0,FALSE,,,,,,,,,,,,,,,,
,,,,,,,,,,0,0,0,FALSE,,,,,,,,,,,,,,,,
,,,,,,,,,,0,0,0,FALSE,,,,,,,,,,,,,,,,
,,,,,,,,,,0,0,0,FALSE,,,,,,,,,,,,,,,,
,,,,,,,,,,0,0,0,FALSE,,,,,,,,,,,,,,,,
,,,,,,,,,,0,0,0,FALSE,,,,,,,,,,,,,,,,
,,,,,,,,,,0,0,0,FALSE,,,,,,,,,,,,,,,,
,,,,,,,,,,0,0,0,FALSE,,,,,,,,,,,,,,,,
,,,,,,,,,,0,0,0,FALSE,,,,,,,,,,,,,,,,
,,,,,,,,,,0,0,0,FALSE,,,,,,,,,,,,,,,,
,,,,,,,,,,0,0,0,FALSE,,,,,,,,,,,,,,,,
,,,,,,,,,,0,0,0,FALSE,,,,,,,,,,,,,,,,
,,,,,,,,,,0,0,0,FALSE,,,,,,,,,,,,,,,,
,,,,,,,,,,0,0,0,FALSE,,,,,,,,,,,,,,,,
,,,,,,,,,,0,0,0,FALSE,,,,,,,,,,,,,,,,
,,,,,,,,,,0,0,0,FALSE,,,,,,,,,,,,,,,,
,,,,,,,,,,0,0,0,FALSE,,,,,,,,,,,,,,,,
,,,,,,,,,,0,0,0,FALSE,,,,,,,,,,,,,,,,
,,,,,,,,,,0,0,0,FALSE,,,,,,,,,,,,,,,,
,,,,,,,,,,0,0,0,FALSE,,,,,,,,,,,,,,,,
,,,,,,,,,,0,0,0,FALSE,,,,,,,,,,,,,,,,
,,,,,,,,,,0,0,0,FALSE,,,,,,,,,,,,,,,,
,,,,,,,,,,0,0,0,FALSE,,,,,,,,,,,,,,,,
,,,,,,,,,,0,0,0,FALSE,,,,,,,,,,,,,,,,
,,,,,,,,,,0,0,0,FALSE,,,,,,,,,,,,,,,,
,,,,,,,,,,0,0,0,FALSE,,,,,,,,,,,,,,,,
,,,,,,,,,,0,0,0,FALSE,,,,,,,,,,,,,,,,
,,,,,,,,,,0,0,0,FALSE,,,,,,,,,,,,,,,,
,,,,,,,,,,0,0,0,FALSE,,,,,,,,,,,,,,,,
,,,,,,,,,,0,0,0,FALSE,,,,,,,,,,,,,,,,
,,,,,,,,,,0,0,0,FALSE,,,,,,,,,,,,,,,,
,,,,,,,,,,0,0,0,FALSE,,,,,,,,,,,,,,,,
,,,,,,,,,,0,0,0,FALSE,,,,,,,,,,,,,,,,
,,,,,,,,,,0,0,0,FALSE,,,,,,,,,,,,,,,,
,,,,,,,,,,0,0,0,FALSE,,,,,,,,,,,,,,,,
,,,,,,,,,,0,0,0,FALSE,,,,,,,,,,,,,,,,
,,,,,,,,,,0,0,0,FALSE,,,,,,,,,,,,,,,,
,,,,,,,,,,0,0,0,FALSE,,,,,,,,,,,,,,,,
,,,,,,,,,,0,0,0,FALSE,,,,,,,,,,,,,,,,
,,,,,,,,,,0,0,0,FALSE,,,,,,,,,,,,,,,,
,,,,,,,,,,0,0,0,FALSE,,,,,,,,,,,,,,,,
,,,,,,,,,,0,0,0,FALSE,,,,,,,,,,,,,,,,
,,,,,,,,,,0,0,0,FALSE,,,,,,,,,,,,,,,,
,,,,,,,,,,0,0,0,FALSE,,,,,,,,,,,,,,,,
,,,,,,,,,,0,0,0,FALSE,,,,,,,,,,,,,,,,
,,,,,,,,,,0,0,0,FALSE,,,,,,,,,,,,,,,,
,,,,,,,,,,0,0,0,FALSE,,,,,,,,,,,,,,,,
,,,,,,,,,,0,0,0,FALSE,,,,,,,,,,,,,,,,
,,,,,,,,,,0,0,0,FALSE,,,,,,,,,,,,,,,,
,,,,,,,,,,0,0,0,FALSE,,,,,,,,,,,,,,,,
,,,,,,,,,,0,0,0,FALSE,,,,,,,,,,,,,,,,
,,,,,,,,,,0,0,0,FALSE,,,,,,,,,,,,,,,,
,,,,,,,,,,0,0,0,FALSE,,,,,,,,,,,,,,,,
,,,,,,,,,,0,0,0,FALSE,,,,,,,,,,,,,,,,
,,,,,,,,,,0,0,0,FALSE,,,,,,,,,,,,,,,,
,,,,,,,,,,0,0,0,FALSE,,,,,,,,,,,,,,,,
,,,,,,,,,,0,0,0,FALSE,,,,,,,,,,,,,,,,
,,,,,,,,,,0,0,0,FALSE,,,,,,,,,,,,,,,,
,,,,,,,,,,0,0,0,FALSE,,,,,,,,,,,,,,,,
,,,,,,,,,,0,0,0,FALSE,,,,,,,,,,,,,,,,
,,,,,,,,,,0,0,0,FALSE,,,,,,,,,,,,,,,,
,,,,,,,,,,0,0,0,FALSE,,,,,,,,,,,,,,,,
,,,,,,,,,,0,0,0,FALSE,,,,,,,,,,,,,,,,
,,,,,,,,,,0,0,0,FALSE,,,,,,,,,,,,,,,,
,,,,,,,,,,0,0,0,FALSE,,,,,,,,,,,,,,,,
,,,,,,,,,,0,0,0,FALSE,,,,,,,,,,,,,,,,
,,,,,,,,,,0,0,0,FALSE,,,,,,,,,,,,,,,,
,,,,,,,,,,0,0,0,FALSE,,,,,,,,,,,,,,,,
,,,,,,,,,,0,0,0,FALSE,,,,,,,,,,,,,,,,
,,,,,,,,,,0,0,0,FALSE,,,,,,,,,,,,,,,,
,,,,,,,,,,0,0,0,FALSE,,,,,,,,,,,,,,,,
,,,,,,,,,,0,0,0,FALSE,,,,,,,,,,,,,,,,
,,,,,,,,,,0,0,0,FALSE,,,,,,,,,,,,,,,,
,,,,,,,,,,0,0,0,FALSE,,,,,,,,,,,,,,,,
,,,,,,,,,,0,0,0,FALSE,,,,,,,,,,,,,,,,
,,,,,,,,,,0,0,0,FALSE,,,,,,,,,,,,,,,,
,,,,,,,,,,0,0,0,FALSE,,,,,,,,,,,,,,,,
,,,,,,,,,,0,0,0,FALSE,,,,,,,,,,,,,,,,
,,,,,,,,,,0,0,0,FALSE,,,,,,,,,,,,,,,,
,,,,,,,,,,0,0,0,FALSE,,,,,,,,,,,,,,,,
,,,,,,,,,,0,0,0,FALSE,,,,,,,,,,,,,,,,
,,,,,,,,,,0,0,0,FALSE,,,,,,,,,,,,,,,,
,,,,,,,,,,0,0,0,FALSE,,,,,,,,,,,,,,,,
,,,,,,,,,,0,0,0,FALSE,,,,,,,,,,,,,,,,
,,,,,,,,,,0,0,0,FALSE,,,,,,,,,,,,,,,,
,,,,,,,,,,0,0,0,FALSE,,,,,,,,,,,,,,,,
,,,,,,,,,,0,0,0,FALSE,,,,,,,,,,,,,,,,
,,,,,,,,,,0,0,0,FALSE,,,,,,,,,,,,,,,,
,,,,,,,,,,0,0,0,FALSE,,,,,,,,,,,,,,,,
,,,,,,,,,,0,0,0,FALSE,,,,,,,,,,,,,,,,
,,,,,,,,,,0,0,0,FALSE,,,,,,,,,,,,,,,,
,,,,,,,,,,0,0,0,FALSE,,,,,,,,,,,,,,,,
,,,,,,,,,,0,0,0,FALSE,,,,,,,,,,,,,,,,
,,,,,,,,,,0,0,0,FALSE,,,,,,,,,,,,,,,,
,,,,,,,,,,0,0,0,FALSE,,,,,,,,,,,,,,,,
,,,,,,,,,,0,0,0,FALSE,,,,,,,,,,,,,,,,
,,,,,,,,,,0,0,0,FALSE,,,,,,,,,,,,,,,,
,,,,,,,,,,0,0,0,FALSE,,,,,,,,,,,,,,,,
,,,,,,,,,,0,0,0,FALSE,,,,,,,,,,,,,,,,
,,,,,,,,,,0,0,0,FALSE,,,,,,,,,,,,,,,,
,,,,,,,,,,0,0,0,FALSE,,,,,,,,,,,,,,,,
,,,,,,,,,,0,0,0,FALSE,,,,,,,,,,,,,,,,
,,,,,,,,,,0,0,0,FALSE,,,,,,,,,,,,,,,,
,,,,,,,,,,0,0,0,FALSE,,,,,,,,,,,,,,,,
,,,,,,,,,,0,0,0,FALSE,,,,,,,,,,,,,,,,
,,,,,,,,,,0,0,0,FALSE,,,,,,,,,,,,,,,,
,,,,,,,,,,0,0,0,FALSE,,,,,,,,,,,,,,,,
,,,,,,,,,,0,0,0,FALSE,,,,,,,,,,,,,,,,
,,,,,,,,,,0,0,0,FALSE,,,,,,,,,,,,,,,,
,,,,,,,,,,0,0,0,FALSE,,,,,,,,,,,,,,,,
,,,,,,,,,,0,0,0,FALSE,,,,,,,,,,,,,,,,
,,,,,,,,,,0,0,0,FALSE,,,,,,,,,,,,,,,,
,,,,,,,,,,0,0,0,FALSE,,,,,,,,,,,,,,,,
,,,,,,,,,,0,0,0,FALSE,,,,,,,,,,,,,,,,
,,,,,,,,,,0,0,0,FALSE,,,,,,,,,,,,,,,,
,,,,,,,,,,0,0,0,FALSE,,,,,,,,,,,,,,,,
,,,,,,,,,,0,0,0,FALSE,,,,,,,,,,,,,,,,
,,,,,,,,,,0,0,0,FALSE,,,,,,,,,,,,,,,,
,,,,,,,,,,0,0,0,FALSE,,,,,,,,,,,,,,,,
,,,,,,,,,,0,0,0,FALSE,,,,,,,,,,,,,,,,
,,,,,,,,,,0,0,0,FALSE,,,,,,,,,,,,,,,,
,,,,,,,,,,0,0,0,FALSE,,,,,,,,,,,,,,,,
,,,,,,,,,,0,0,0,FALSE,,,,,,,,,,,,,,,,
,,,,,,,,,,0,0,0,FALSE,,,,,,,,,,,,,,,,
,,,,,,,,,,0,0,0,FALSE,,,,,,,,,,,,,,,,
,,,,,,,,,,0,0,0,FALSE,,,,,,,,,,,,,,,,
,,,,,,,,,,0,0,0,FALSE,,,,,,,,,,,,,,,,
,,,,,,,,,,0,0,0,FALSE,,,,,,,,,,,,,,,,
,,,,,,,,,,0,0,0,FALSE,,,,,,,,,,,,,,,,
,,,,,,,,,,0,0,0,FALSE,,,,,,,,,,,,,,,,
,,,,,,,,,,0,0,0,FALSE,,,,,,,,,,,,,,,,
,,,,,,,,,,0,0,0,FALSE,,,,,,,,,,,,,,,,
,,,,,,,,,,0,0,0,FALSE,,,,,,,,,,,,,,,,
,,,,,,,,,,0,0,0,FALSE,,,,,,,,,,,,,,,,
,,,,,,,,,,0,0,0,FALSE,,,,,,,,,,,,,,,,
,,,,,,,,,,0,0,0,FALSE,,,,,,,,,,,,,,,,
,,,,,,,,,,0,0,0,FALSE,,,,,,,,,,,,,,,,
,,,,,,,,,,0,0,0,FALSE,,,,,,,,,,,,,,,,
,,,,,,,,,,0,0,0,FALSE,,,,,,,,,,,,,,,,
,,,,,,,,,,0,0,0,FALSE,,,,,,,,,,,,,,,,
,,,,,,,,,,0,0,0,FALSE,,,,,,,,,,,,,,,,
,,,,,,,,,,0,0,0,FALSE,,,,,,,,,,,,,,,,
,,,,,,,,,,0,0,0,FALSE,,,,,,,,,,,,,,,,
,,,,,,,,,,0,0,0,FALSE,,,,,,,,,,,,,,,,
,,,,,,,,,,0,0,0,FALSE,,,,,,,,,,,,,,,,
,,,,,,,,,,0,0,0,FALSE,,,,,,,,,,,,,,,,
,,,,,,,,,,0,0,0,FALSE,,,,,,,,,,,,,,,,
,,,,,,,,,,0,0,0,FALSE,,,,,,,,,,,,,,,,
,,,,,,,,,,0,0,0,FALSE,,,,,,,,,,,,,,,,
,,,,,,,,,,0,0,0,FALSE,,,,,,,,,,,,,,,,
,,,,,,,,,,0,0,0,FALSE,,,,,,,,,,,,,,,,
,,,,,,,,,,0,0,0,FALSE,,,,,,,,,,,,,,,,
,,,,,,,,,,0,0,0,FALSE,,,,,,,,,,,,,,,,
,,,,,,,,,,0,0,0,FALSE,,,,,,,,,,,,,,,,
,,,,,,,,,,0,0,0,FALSE,,,,,,,,,,,,,,,,
,,,,,,,,,,0,0,0,FALSE,,,,,,,,,,,,,,,,
,,,,,,,,,,0,0,0,FALSE,,,,,,,,,,,,,,,,
,,,,,,,,,,0,0,0,FALSE,,,,,,,,,,,,,,,,
,,,,,,,,,,0,0,0,FALSE,,,,,,,,,,,,,,,,
,,,,,,,,,,0,0,0,FALSE,,,,,,,,,,,,,,,,
,,,,,,,,,,0,0,0,FALSE,,,,,,,,,,,,,,,,
,,,,,,,,,,0,0,0,FALSE,,,,,,,,,,,,,,,,
,,,,,,,,,,0,0,0,FALSE,,,,,,,,,,,,,,,,
,,,,,,,,,,0,0,0,FALSE,,,,,,,,,,,,,,,,
,,,,,,,,,,0,0,0,FALSE,,,,,,,,,,,,,,,,
,,,,,,,,,,0,0,0,FALSE,,,,,,,,,,,,,,,,
,,,,,,,,,,0,0,0,FALSE,,,,,,,,,,,,,,,,
,,,,,,,,,,0,0,0,FALSE,,,,,,,,,,,,,,,,
,,,,,,,,,,0,0,0,FALSE,,,,,,,,,,,,,,,,
,,,,,,,,,,0,0,0,FALSE,,,,,,,,,,,,,,,,
,,,,,,,,,,0,0,0,FALSE,,,,,,,,,,,,,,,,
,,,,,,,,,,0,0,0,FALSE,,,,,,,,,,,,,,,,
,,,,,,,,,,0,0,0,FALSE,,,,,,,,,,,,,,,,
,,,,,,,,,,0,0,0,FALSE,,,,,,,,,,,,,,,,
,,,,,,,,,,0,0,0,FALSE,,,,,,,,,,,,,,,,
,,,,,,,,,,0,0,0,FALSE,,,,,,,,,,,,,,,,
,,,,,,,,,,0,0,0,FALSE,,,,,,,,,,,,,,,,
,,,,,,,,,,0,0,0,FALSE,,,,,,,,,,,,,,,,
,,,,,,,,,,0,0,0,FALSE,,,,,,,,,,,,,,,,
,,,,,,,,,,0,0,0,FALSE,,,,,,,,,,,,,,,,
,,,,,,,,,,0,0,0,FALSE,,,,,,,,,,,,,,,,
,,,,,,,,,,0,0,0,FALSE,,,,,,,,,,,,,,,,
,,,,,,,,,,0,0,0,FALSE,,,,,,,,,,,,,,,,
,,,,,,,,,,0,0,0,FALSE,,,,,,,,,,,,,,,,
,,,,,,,,,,0,0,0,FALSE,,,,,,,,,,,,,,,,
,,,,,,,,,,0,0,0,FALSE,,,,,,,,,,,,,,,,
,,,,,,,,,,0,0,0,FALSE,,,,,,,,,,,,,,,,
,,,,,,,,,,0,0,0,FALSE,,,,,,,,,,,,,,,,
,,,,,,,,,,0,0,0,FALSE,,,,,,,,,,,,,,,,
,,,,,,,,,,0,0,0,FALSE,,,,,,,,,,,,,,,,
,,,,,,,,,,0,0,0,FALSE,,,,,,,,,,,,,,,,
,,,,,,,,,,0,0,0,FALSE,,,,,,,,,,,,,,,,
,,,,,,,,,,0,0,0,FALSE,,,,,,,,,,,,,,,,
,,,,,,,,,,0,0,0,FALSE,,,,,,,,,,,,,,,,
,,,,,,,,,,0,0,0,FALSE,,,,,,,,,,,,,,,,
,,,,,,,,,,0,0,0,FALSE,,,,,,,,,,,,,,,,
,,,,,,,,,,0,0,0,FALSE,,,,,,,,,,,,,,,,
,,,,,,,,,,0,0,0,FALSE,,,,,,,,,,,,,,,,
,,,,,,,,,,0,0,0,FALSE,,,,,,,,,,,,,,,,
,,,,,,,,,,0,0,0,FALSE,,,,,,,,,,,,,,,,
,,,,,,,,,,0,0,0,FALSE,,,,,,,,,,,,,,,,
,,,,,,,,,,0,0,0,FALSE,,,,,,,,,,,,,,,,
,,,,,,,,,,0,0,0,FALSE,,,,,,,,,,,,,,,,
,,,,,,,,,,0,0,0,FALSE,,,,,,,,,,,,,,,,
,,,,,,,,,,0,0,0,FALSE,,,,,,,,,,,,,,,,
,,,,,,,,,,0,0,0,FALSE,,,,,,,,,,,,,,,,
,,,,,,,,,,0,0,0,FALSE,,,,,,,,,,,,,,,,
,,,,,,,,,,0,0,0,FALSE,,,,,,,,,,,,,,,,
,,,,,,,,,,0,0,0,FALSE,,,,,,,,,,,,,,,,
,,,,,,,,,,0,0,0,FALSE,,,,,,,,,,,,,,,,
,,,,,,,,,,0,0,0,FALSE,,,,,,,,,,,,,,,,
,,,,,,,,,,0,0,0,FALSE,,,,,,,,,,,,,,,,
,,,,,,,,,,0,0,0,FALSE,,,,,,,,,,,,,,,,
,,,,,,,,,,0,0,0,FALSE,,,,,,,,,,,,,,,,
,,,,,,,,,,0,0,0,FALSE,,,,,,,,,,,,,,,,
,,,,,,,,,,0,0,0,FALSE,,,,,,,,,,,,,,,,
,,,,,,,,,,0,0,0,FALSE,,,,,,,,,,,,,,,,
,,,,,,,,,,0,0,0,FALSE,,,,,,,,,,,,,,,,
,,,,,,,,,,0,0,0,FALSE,,,,,,,,,,,,,,,,
,,,,,,,,,,0,0,0,FALSE,,,,,,,,,,,,,,,,
,,,,,,,,,,0,0,0,FALSE,,,,,,,,,,,,,,,,
,,,,,,,,,,0,0,0,FALSE,,,,,,,,,,,,,,,,
,,,,,,,,,,0,0,0,FALSE,,,,,,,,,,,,,,,,
,,,,,,,,,,0,0,0,FALSE,,,,,,,,,,,,,,,,
,,,,,,,,,,0,0,0,FALSE,,,,,,,,,,,,,,,,
,,,,,,,,,,0,0,0,FALSE,,,,,,,,,,,,,,,,
,,,,,,,,,,0,0,0,FALSE,,,,,,,,,,,,,,,,
,,,,,,,,,,0,0,0,FALSE,,,,,,,,,,,,,,,,
,,,,,,,,,,0,0,0,FALSE,,,,,,,,,,,,,,,,
,,,,,,,,,,0,0,0,FALSE,,,,,,,,,,,,,,,,
,,,,,,,,,,0,0,0,FALSE,,,,,,,,,,,,,,,,
,,,,,,,,,,0,0,0,FALSE,,,,,,,,,,,,,,,,
,,,,,,,,,,0,0,0,FALSE,,,,,,,,,,,,,,,,
,,,,,,,,,,0,0,0,FALSE,,,,,,,,,,,,,,,,
,,,,,,,,,,0,0,0,FALSE,,,,,,,,,,,,,,,,
,,,,,,,,,,0,0,0,FALSE,,,,,,,,,,,,,,,,
,,,,,,,,,,0,0,0,FALSE,,,,,,,,,,,,,,,,
,,,,,,,,,,0,0,0,FALSE,,,,,,,,,,,,,,,,
,,,,,,,,,,0,0,0,FALSE,,,,,,,,,,,,,,,,
,,,,,,,,,,0,0,0,FALSE,,,,,,,,,,,,,,,,
,,,,,,,,,,0,0,0,FALSE,,,,,,,,,,,,,,,,
,,,,,,,,,,0,0,0,FALSE,,,,,,,,,,,,,,,,
,,,,,,,,,,0,0,0,FALSE,,,,,,,,,,,,,,,,
,,,,,,,,,,0,0,0,FALSE,,,,,,,,,,,,,,,,
,,,,,,,,,,0,0,0,FALSE,,,,,,,,,,,,,,,,
,,,,,,,,,,0,0,0,FALSE,,,,,,,,,,,,,,,,
,,,,,,,,,,0,0,0,FALSE,,,,,,,,,,,,,,,,
,,,,,,,,,,0,0,0,FALSE,,,,,,,,,,,,,,,,
,,,,,,,,,,0,0,0,FALSE,,,,,,,,,,,,,,,,
,,,,,,,,,,0,0,0,FALSE,,,,,,,,,,,,,,,,
,,,,,,,,,,0,0,0,FALSE,,,,,,,,,,,,,,,,
,,,,,,,,,,0,0,0,FALSE,,,,,,,,,,,,,,,,
,,,,,,,,,,0,0,0,FALSE,,,,,,,,,,,,,,,,
,,,,,,,,,,0,0,0,FALSE,,,,,,,,,,,,,,,,
,,,,,,,,,,0,0,0,FALSE,,,,,,,,,,,,,,,,
,,,,,,,,,,0,0,0,FALSE,,,,,,,,,,,,,,,,
,,,,,,,,,,0,0,0,FALSE,,,,,,,,,,,,,,,,
,,,,,,,,,,0,0,0,FALSE,,,,,,,,,,,,,,,,
,,,,,,,,,,0,0,0,FALSE,,,,,,,,,,,,,,,,
,,,,,,,,,,0,0,0,FALSE,,,,,,,,,,,,,,,,
,,,,,,,,,,0,0,0,FALSE,,,,,,,,,,,,,,,,
,,,,,,,,,,0,0,0,FALSE,,,,,,,,,,,,,,,,
,,,,,,,,,,0,0,0,FALSE,,,,,,,,,,,,,,,,
,,,,,,,,,,0,0,0,FALSE,,,,,,,,,,,,,,,,
,,,,,,,,,,0,0,0,FALSE,,,,,,,,,,,,,,,,
,,,,,,,,,,0,0,0,FALSE,,,,,,,,,,,,,,,,
,,,,,,,,,,0,0,0,FALSE,,,,,,,,,,,,,,,,
,,,,,,,,,,0,0,0,FALSE,,,,,,,,,,,,,,,,
,,,,,,,,,,0,0,0,FALSE,,,,,,,,,,,,,,,,
,,,,,,,,,,0,0,0,FALSE,,,,,,,,,,,,,,,,
,,,,,,,,,,0,0,0,FALSE,,,,,,,,,,,,,,,,
,,,,,,,,,,0,0,0,FALSE,,,,,,,,,,,,,,,,
,,,,,,,,,,0,0,0,FALSE,,,,,,,,,,,,,,,,
,,,,,,,,,,0,0,0,FALSE,,,,,,,,,,,,,,,,
,,,,,,,,,,0,0,0,FALSE,,,,,,,,,,,,,,,,
,,,,,,,,,,0,0,0,FALSE,,,,,,,,,,,,,,,,
,,,,,,,,,,0,0,0,FALSE,,,,,,,,,,,,,,,,
,,,,,,,,,,0,0,0,FALSE,,,,,,,,,,,,,,,,
,,,,,,,,,,0,0,0,FALSE,,,,,,,,,,,,,,,,
,,,,,,,,,,0,0,0,FALSE,,,,,,,,,,,,,,,,
,,,,,,,,,,0,0,0,FALSE,,,,,,,,,,,,,,,,
,,,,,,,,,,0,0,0,FALSE,,,,,,,,,,,,,,,,
,,,,,,,,,,0,0,0,FALSE,,,,,,,,,,,,,,,,
,,,,,,,,,,0,0,0,FALSE,,,,,,,,,,,,,,,,
,,,,,,,,,,0,0,0,FALSE,,,,,,,,,,,,,,,,
,,,,,,,,,,0,0,0,FALSE,,,,,,,,,,,,,,,,
,,,,,,,,,,0,0,0,FALSE,,,,,,,,,,,,,,,,
,,,,,,,,,,0,0,0,FALSE,,,,,,,,,,,,,,,,
,,,,,,,,,,0,0,0,FALSE,,,,,,,,,,,,,,,,
,,,,,,,,,,0,0,0,FALSE,,,,,,,,,,,,,,,,
,,,,,,,,,,0,0,0,FALSE,,,,,,,,,,,,,,,,
,,,,,,,,,,0,0,0,FALSE,,,,,,,,,,,,,,,,
,,,,,,,,,,0,0,0,FALSE,,,,,,,,,,,,,,,,
,,,,,,,,,,0,0,0,FALSE,,,,,,,,,,,,,,,,
,,,,,,,,,,0,0,0,FALSE,,,,,,,,,,,,,,,,
,,,,,,,,,,0,0,0,FALSE,,,,,,,,,,,,,,,,
,,,,,,,,,,0,0,0,FALSE,,,,,,,,,,,,,,,,
,,,,,,,,,,0,0,0,FALSE,,,,,,,,,,,,,,,,
,,,,,,,,,,0,0,0,FALSE,,,,,,,,,,,,,,,,
,,,,,,,,,,0,0,0,FALSE,,,,,,,,,,,,,,,,
,,,,,,,,,,0,0,0,FALSE,,,,,,,,,,,,,,,,
,,,,,,,,,,0,0,0,FALSE,,,,,,,,,,,,,,,,
,,,,,,,,,,0,0,0,FALSE,,,,,,,,,,,,,,,,
,,,,,,,,,,0,0,0,FALSE,,,,,,,,,,,,,,,,
,,,,,,,,,,0,0,0,FALSE,,,,,,,,,,,,,,,,
,,,,,,,,,,0,0,0,FALSE,,,,,,,,,,,,,,,,
,,,,,,,,,,0,0,0,FALSE,,,,,,,,,,,,,,,,
,,,,,,,,,,0,0,0,FALSE,,,,,,,,,,,,,,,,
,,,,,,,,,,0,0,0,FALSE,,,,,,,,,,,,,,,,
,,,,,,,,,,0,0,0,FALSE,,,,,,,,,,,,,,,,
,,,,,,,,,,0,0,0,FALSE,,,,,,,,,,,,,,,,
,,,,,,,,,,0,0,0,FALSE,,,,,,,,,,,,,,,,
,,,,,,,,,,0,0,0,FALSE,,,,,,,,,,,,,,,,
,,,,,,,,,,0,0,0,FALSE,,,,,,,,,,,,,,,,
,,,,,,,,,,0,0,0,FALSE,,,,,,,,,,,,,,,,
,,,,,,,,,,0,0,0,FALSE,,,,,,,,,,,,,,,,
,,,,,,,,,,0,0,0,FALSE,,,,,,,,,,,,,,,,
,,,,,,,,,,0,0,0,FALSE,,,,,,,,,,,,,,,,
,,,,,,,,,,0,0,0,FALSE,,,,,,,,,,,,,,,,
,,,,,,,,,,0,0,0,FALSE,,,,,,,,,,,,,,,,
,,,,,,,,,,0,0,0,FALSE,,,,,,,,,,,,,,,,
,,,,,,,,,,0,0,0,FALSE,,,,,,,,,,,,,,,,
,,,,,,,,,,0,0,0,FALSE,,,,,,,,,,,,,,,,
,,,,,,,,,,0,0,0,FALSE,,,,,,,,,,,,,,,,
,,,,,,,,,,0,0,0,FALSE,,,,,,,,,,,,,,,,
,,,,,,,,,,0,0,0,FALSE,,,,,,,,,,,,,,,,
,,,,,,,,,,0,0,0,FALSE,,,,,,,,,,,,,,,,
,,,,,,,,,,0,0,0,FALSE,,,,,,,,,,,,,,,,
,,,,,,,,,,0,0,0,FALSE,,,,,,,,,,,,,,,,
,,,,,,,,,,0,0,0,FALSE,,,,,,,,,,,,,,,,
,,,,,,,,,,0,0,0,FALSE,,,,,,,,,,,,,,,,
,,,,,,,,,,0,0,0,FALSE,,,,,,,,,,,,,,,,
,,,,,,,,,,0,0,0,FALSE,,,,,,,,,,,,,,,,
,,,,,,,,,,0,0,0,FALSE,,,,,,,,,,,,,,,,
,,,,,,,,,,0,0,0,FALSE,,,,,,,,,,,,,,,,
,,,,,,,,,,0,0,0,FALSE,,,,,,,,,,,,,,,,
,,,,,,,,,,0,0,0,FALSE,,,,,,,,,,,,,,,,
,,,,,,,,,,,,,,,,,,,,,,,,,,,,,
,,,,,,,,,,,,,,,,,,,,,,,,,,,,,
,,,,,,,,,,,,,,,,,,,,,,,,,,,,,
,,,,,,,,,,,,,,,,,,,,,,,,,,,,,
,,,,,,,,,,,,,,,,,,,,,,,,,,,,,
,,,,,,,,,,,,,,,,,,,,,,,,,,,,,
,,,,,,,,,,,,,,,,,,,,,,,,,,,,,
,,,,,,,,,,,,,,,,,,,,,,,,,,,,,
,,,,,,,,,,,,,,,,,,,,,,,,,,,,,
,,,,,,,,,,,,,,,,,,,,,,,,,,,,,
,,,,,,,,,,,,,,,,,,,,,,,,,,,,,
,,,,,,,,,,,,,,,,,,,,,,,,,,,,,
,,,,,,,,,,,,,,,,,,,,,,,,,,,,,
,,,,,,,,,,,,,,,,,,,,,,,,,,,,,
,,,,,,,,,,,,,,,,,,,,,,,,,,,,,
,,,,,,,,,,,,,,,,,,,,,,,,,,,,,
,,,,,,,,,,,,,,,,,,,,,,,,,,,,,
,,,,,,,,,,,,,,,,,,,,,,,,,,,,,
,,,,,,,,,,,,,,,,,,,,,,,,,,,,,
,,,,,,,,,,,,,,,,,,,,,,,,,,,,,
,,,,,,,,,,,,,,,,,,,,,,,,,,,,,
,,,,,,,,,,,,,,,,,,,,,,,,,,,,,
,,,,,,,,,,,,,,,,,,,,,,,,,,,,,
,,,,,,,,,,,,,,,,,,,,,,,,,,,,,
,,,,,,,,,,,,,,,,,,,,,,,,,,,,,
,,,,,,,,,,,,,,,,,,,,,,,,,,,,,
,,,,,,,,,,,,,,,,,,,,,,,,,,,,,
,,,,,,,,,,,,,,,,,,,,,,,,,,,,,
,,,,,,,,,,,,,,,,,,,,,,,,,,,,,
,,,,,,,,,,,,,,,,,,,,,,,,,,,,,
,,,,,,,,,,,,,,,,,,,,,,,,,,,,,
,,,,,,,,,,,,,,,,,,,,,,,,,,,,,
,,,,,,,,,,,,,,,,,,,,,,,,,,,,,
,,,,,,,,,,,,,,,,,,,,,,,,,,,,,
,,,,,,,,,,,,,,,,,,,,,,,,,,,,,
,,,,,,,,,,,,,,,,,,,,,,,,,,,,,
,,,,,,,,,,,,,,,,,,,,,,,,,,,,,
,,,,,,,,,,,,,,,,,,,,,,,,,,,,,
,,,,,,,,,,,,,,,,,,,,,,,,,,,,,
,,,,,,,,,,,,,,,,,,,,,,,,,,,,,
,,,,,,,,,,,,,,,,,,,,,,,,,,,,,
,,,,,,,,,,,,,,,,,,,,,,,,,,,,,
,,,,,,,,,,,,,,,,,,,,,,,,,,,,,
,,,,,,,,,,,,,,,,,,,,,,,,,,,,,
,,,,,,,,,,,,,,,,,,,,,,,,,,,,,
,,,,,,,,,,,,,,,,,,,,,,,,,,,,,
,,,,,,,,,,,,,,,,,,,,,,,,,,,,,
,,,,,,,,,,,,,,,,,,,,,,,,,,,,,
,,,,,,,,,,,,,,,,,,,,,,,,,,,,,
,,,,,,,,,,,,,,,,,,,,,,,,,,,,,
,,,,,,,,,,,,,,,,,,,,,,,,,,,,,
,,,,,,,,,,,,,,,,,,,,,,,,,,,,,
,,,,,,,,,,,,,,,,,,,,,,,,,,,,,
,,,,,,,,,,,,,,,,,,,,,,,,,,,,,
,,,,,,,,,,,,,,,,,,,,,,,,,,,,,
,,,,,,,,,,,,,,,,,,,,,,,,,,,,,
,,,,,,,,,,,,,,,,,,,,,,,,,,,,,
,,,,,,,,,,,,,,,,,,,,,,,,,,,,,
,,,,,,,,,,,,,,,,,,,,,,,,,,,,,
,,,,,,,,,,,,,,,,,,,,,,,,,,,,,
,,,,,,,,,,,,,,,,,,,,,,,,,,,,,
,,,,,,,,,,,,,,,,,,,,,,,,,,,,,
,,,,,,,,,,,,,,,,,,,,,,,,,,,,,
,,,,,,,,,,,,,,,,,,,,,,,,,,,,,
,,,,,,,,,,,,,,,,,,,,,,,,,,,,,
,,,,,,,,,,,,,,,,,,,,,,,,,,,,,
,,,,,,,,,,,,,,,,,,,,,,,,,,,,,
,,,,,,,,,,,,,,,,,,,,,,,,,,,,,
,,,,,,,,,,,,,,,,,,,,,,,,,,,,,
,,,,,,,,,,,,,,,,,,,,,,,,,,,,,
,,,,,,,,,,,,,,,,,,,,,,,,,,,,,
,,,,,,,,,,,,,,,,,,,,,,,,,,,,,
,,,,,,,,,,,,,,,,,,,,,,,,,,,,,
,,,,,,,,,,,,,,,,,,,,,,,,,,,,,
,,,,,,,,,,,,,,,,,,,,,,,,,,,,,
,,,,,,,,,,,,,,,,,,,,,,,,,,,,,
,,,,,,,,,,,,,,,,,,,,,,,,,,,,,
,,,,,,,,,,,,,,,,,,,,,,,,,,,,,
,,,,,,,,,,,,,,,,,,,,,,,,,,,,,
,,,,,,,,,,,,,,,,,,,,,,,,,,,,,
,,,,,,,,,,,,,,,,,,,,,,,,,,,,,
,,,,,,,,,,,,,,,,,,,,,,,,,,,,,
,,,,,,,,,,,,,,,,,,,,,,,,,,,,,
,,,,,,,,,,,,,,,,,,,,,,,,,,,,,
,,,,,,,,,,,,,,,,,,,,,,,,,,,,,
,,,,,,,,,,,,,,,,,,,,,,,,,,,,,
,,,,,,,,,,,,,,,,,,,,,,,,,,,,,
,,,,,,,,,,,,,,,,,,,,,,,,,,,,,
,,,,,,,,,,,,,,,,,,,,,,,,,,,,,
,,,,,,,,,,,,,,,,,,,,,,,,,,,,,
,,,,,,,,,,,,,,,,,,,,,,,,,,,,,
,,,,,,,,,,,,,,,,,,,,,,,,,,,,,
,,,,,,,,,,,,,,,,,,,,,,,,,,,,,
,,,,,,,,,,,,,,,,,,,,,,,,,,,,,
,,,,,,,,,,,,,,,,,,,,,,,,,,,,,
,,,,,,,,,,,,,,,,,,,,,,,,,,,,,
,,,,,,,,,,,,,,,,,,,,,,,,,,,,,
,,,,,,,,,,,,,,,,,,,,,,,,,,,,,
,,,,,,,,,,,,,,,,,,,,,,,,,,,,,
,,,,,,,,,,,,,,,,,,,,,,,,,,,,,
,,,,,,,,,,,,,,,,,,,,,,,,,,,,,
,,,,,,,,,,,,,,,,,,,,,,,,,,,,,
,,,,,,,,,,,,,,,,,,,,,,,,,,,,,
,,,,,,,,,,,,,,,,,,,,,,,,,,,,,
,,,,,,,,,,,,,,,,,,,,,,,,,,,,,
,,,,,,,,,,,,,,,,,,,,,,,,,,,,,
,,,,,,,,,,,,,,,,,,,,,,,,,,,,,
,,,,,,,,,,,,,,,,,,,,,,,,,,,,,
,,,,,,,,,,,,,,,,,,,,,,,,,,,,,
,,,,,,,,,,,,,,,,,,,,,,,,,,,,,
,,,,,,,,,,,,,,,,,,,,,,,,,,,,,
,,,,,,,,,,,,,,,,,,,,,,,,,,,,,
,,,,,,,,,,,,,,,,,,,,,,,,,,,,,
,,,,,,,,,,,,,,,,,,,,,,,,,,,,,
,,,,,,,,,,,,,,,,,,,,,,,,,,,,,
,,,,,,,,,,,,,,,,,,,,,,,,,,,,,
,,,,,,,,,,,,,,,,,,,,,,,,,,,,,
,,,,,,,,,,,,,,,,,,,,,,,,,,,,,
,,,,,,,,,,,,,,,,,,,,,,,,,,,,,
,,,,,,,,,,,,,,,,,,,,,,,,,,,,,
,,,,,,,,,,,,,,,,,,,,,,,,,,,,,
,,,,,,,,,,,,,,,,,,,,,,,,,,,,,
,,,,,,,,,,,,,,,,,,,,,,,,,,,,,
,,,,,,,,,,,,,,,,,,,,,,,,,,,,,
,,,,,,,,,,,,,,,,,,,,,,,,,,,,,
,,,,,,,,,,,,,,,,,,,,,,,,,,,,,
,,,,,,,,,,,,,,,,,,,,,,,,,,,,,
,,,,,,,,,,,,,,,,,,,,,,,,,,,,,
,,,,,,,,,,,,,,,,,,,,,,,,,,,,,
,,,,,,,,,,,,,,,,,,,,,,,,,,,,,
,,,,,,,,,,,,,,,,,,,,,,,,,,,,,
,,,,,,,,,,,,,,,,,,,,,,,,,,,,,
,,,,,,,,,,,,,,,,,,,,,,,,,,,,,
,,,,,,,,,,,,,,,,,,,,,,,,,,,,,
,,,,,,,,,,,,,,,,,,,,,,,,,,,,,
,,,,,,,,,,,,,,,,,,,,,,,,,,,,,
,,,,,,,,,,,,,,,,,,,,,,,,,,,,,
,,,,,,,,,,,,,,,,,,,,,,,,,,,,,
,,,,,,,,,,,,,,,,,,,,,,,,,,,,,
,,,,,,,,,,,,,,,,,,,,,,,,,,,,,
,,,,,,,,,,,,,,,,,,,,,,,,,,,,,
,,,,,,,,,,,,,,,,,,,,,,,,,,,,,
,,,,,,,,,,,,,,,,,,,,,,,,,,,,,
,,,,,,,,,,,,,,,,,,,,,,,,,,,,,
,,,,,,,,,,,,,,,,,,,,,,,,,,,,,
,,,,,,,,,,,,,,,,,,,,,,,,,,,,,
,,,,,,,,,,,,,,,,,,,,,,,,,,,,,
,,,,,,,,,,,,,,,,,,,,,,,,,,,,,
,,,,,,,,,,,,,,,,,,,,,,,,,,,,,
,,,,,,,,,,,,,,,,,,,,,,,,,,,,,
,,,,,,,,,,,,,,,,,,,,,,,,,,,,,
,,,,,,,,,,,,,,,,,,,,,,,,,,,,,
,,,,,,,,,,,,,,,,,,,,,,,,,,,,,
,,,,,,,,,,,,,,,,,,,,,,,,,,,,,
,,,,,,,,,,,,,,,,,,,,,,,,,,,,,
,,,,,,,,,,,,,,,,,,,,,,,,,,,,,
,,,,,,,,,,,,,,,,,,,,,,,,,,,,,
,,,,,,,,,,,,,,,,,,,,,,,,,,,,,
,,,,,,,,,,,,,,,,,,,,,,,,,,,,,
,,,,,,,,,,,,,,,,,,,,,,,,,,,,,
,,,,,,,,,,,,,,,,,,,,,,,,,,,,,
,,,,,,,,,,,,,,,,,,,,,,,,,,,,,
,,,,,,,,,,,,,,,,,,,,,,,,,,,,,
,,,,,,,,,,,,,,,,,,,,,,,,,,,,,
,,,,,,,,,,,,,,,,,,,,,,,,,,,,,
,,,,,,,,,,,,,,,,,,,,,,,,,,,,,
,,,,,,,,,,,,,,,,,,,,,,,,,,,,,
,,,,,,,,,,,,,,,,,,,,,,,,,,,,,
,,,,,,,,,,,,,,,,,,,,,,,,,,,,,
,,,,,,,,,,,,,,,,,,,,,,,,,,,,,
,,,,,,,,,,,,,,,,,,,,,,,,,,,,,
,,,,,,,,,,,,,,,,,,,,,,,,,,,,,
,,,,,,,,,,,,,,,,,,,,,,,,,,,,,
,,,,,,,,,,,,,,,,,,,,,,,,,,,,,
,,,,,,,,,,,,,,,,,,,,,,,,,,,,,
,,,,,,,,,,,,,,,,,,,,,,,,,,,,,
,,,,,,,,,,,,,,,,,,,,,,,,,,,,,
,,,,,,,,,,,,,,,,,,,,,,,,,,,,,
,,,,,,,,,,,,,,,,,,,,,,,,,,,,,
,,,,,,,,,,,,,,,,,,,,,,,,,,,,,
,,,,,,,,,,,,,,,,,,,,,,,,,,,,,
,,,,,,,,,,,,,,,,,,,,,,,,,,,,,
,,,,,,,,,,,,,,,,,,,,,,,,,,,,,
,,,,,,,,,,,,,,,,,,,,,,,,,,,,,
,,,,,,,,,,,,,,,,,,,,,,,,,,,,,
,,,,,,,,,,,,,,,,,,,,,,,,,,,,,
,,,,,,,,,,,,,,,,,,,,,,,,,,,,,
,,,,,,,,,,,,,,,,,,,,,,,,,,,,,
,,,,,,,,,,,,,,,,,,,,,,,,,,,,,
,,,,,,,,,,,,,,,,,,,,,,,,,,,,,
,,,,,,,,,,,,,,,,,,,,,,,,,,,,,
,,,,,,,,,,,,,,,,,,,,,,,,,,,,,
,,,,,,,,,,,,,,,,,,,,,,,,,,,,,
,,,,,,,,,,,,,,,,,,,,,,,,,,,,,
,,,,,,,,,,,,,,,,,,,,,,,,,,,,,
,,,,,,,,,,,,,,,,,,,,,,,,,,,,,
,,,,,,,,,,,,,,,,,,,,,,,,,,,,,
,,,,,,,,,,,,,,,,,,,,,,,,,,,,,
,,,,,,,,,,,,,,,,,,,,,,,,,,,,,
,,,,,,,,,,,,,,,,,,,,,,,,,,,,,
,,,,,,,,,,,,,,,,,,,,,,,,,,,,,
,,,,,,,,,,,,,,,,,,,,,,,,,,,,,
,,,,,,,,,,,,,,,,,,,,,,,,,,,,,
,,,,,,,,,,,,,,,,,,,,,,,,,,,,,
,,,,,,,,,,,,,,,,,,,,,,,,,,,,,
,,,,,,,,,,,,,,,,,,,,,,,,,,,,,
,,,,,,,,,,,,,,,,,,,,,,,,,,,,,
,,,,,,,,,,,,,,,,,,,,,,,,,,,,,
,,,,,,,,,,,,,,,,,,,,,,,,,,,,,
,,,,,,,,,,,,,,,,,,,,,,,,,,,,,
,,,,,,,,,,,,,,,,,,,,,,,,,,,,,
,,,,,,,,,,,,,,,,,,,,,,,,,,,,,
,,,,,,,,,,,,,,,,,,,,,,,,,,,,,
,,,,,,,,,,,,,,,,,,,,,,,,,,,,,
,,,,,,,,,,,,,,,,,,,,,,,,,,,,,
,,,,,,,,,,,,,,,,,,,,,,,,,,,,,
,,,,,,,,,,,,,,,,,,,,,,,,,,,,,
,,,,,,,,,,,,,,,,,,,,,,,,,,,,,
,,,,,,,,,,,,,,,,,,,,,,,,,,,,,
,,,,,,,,,,,,,,,,,,,,,,,,,,,,,
,,,,,,,,,,,,,,,,,,,,,,,,,,,,,
,,,,,,,,,,,,,,,,,,,,,,,,,,,,,
,,,,,,,,,,,,,,,,,,,,,,,,,,,,,
,,,,,,,,,,,,,,,,,,,,,,,,,,,,,
,,,,,,,,,,,,,,,,,,,,,,,,,,,,,
,,,,,,,,,,,,,,,,,,,,,,,,,,,,,
,,,,,,,,,,,,,,,,,,,,,,,,,,,,,
,,,,,,,,,,,,,,,,,,,,,,,,,,,,,
,,,,,,,,,,,,,,,,,,,,,,,,,,,,,
,,,,,,,,,,,,,,,,,,,,,,,,,,,,,
,,,,,,,,,,,,,,,,,,,,,,,,,,,,,
,,,,,,,,,,,,,,,,,,,,,,,,,,,,,
,,,,,,,,,,,,,,,,,,,,,,,,,,,,,
,,,,,,,,,,,,,,,,,,,,,,,,,,,,,
,,,,,,,,,,,,,,,,,,,,,,,,,,,,,
,,,,,,,,,,,,,,,,,,,,,,,,,,,,,
,,,,,,,,,,,,,,,,,,,,,,,,,,,,,
,,,,,,,,,,,,,,,,,,,,,,,,,,,,,
,,,,,,,,,,,,,,,,,,,,,,,,,,,,,
,,,,,,,,,,,,,,,,,,,,,,,,,,,,,
,,,,,,,,,,,,,,,,,,,,,,,,,,,,,
,,,,,,,,,,,,,,,,,,,,,,,,,,,,,
,,,,,,,,,,,,,,,,,,,,,,,,,,,,,
,,,,,,,,,,,,,,,,,,,,,,,,,,,,,
,,,,,,,,,,,,,,,,,,,,,,,,,,,,,
,,,,,,,,,,,,,,,,,,,,,,,,,,,,,
,,,,,,,,,,,,,,,,,,,,,,,,,,,,,
,,,,,,,,,,,,,,,,,,,,,,,,,,,,,
,,,,,,,,,,,,,,,,,,,,,,,,,,,,,
,,,,,,,,,,,,,,,,,,,,,,,,,,,,,
,,,,,,,,,,,,,,,,,,,,,,,,,,,,,
,,,,,,,,,,,,,,,,,,,,,,,,,,,,,
,,,,,,,,,,,,,,,,,,,,,,,,,,,,,
,,,,,,,,,,,,,,,,,,,,,,,,,,,,,
,,,,,,,,,,,,,,,,,,,,,,,,,,,,,
,,,,,,,,,,,,,,,,,,,,,,,,,,,,,
,,,,,,,,,,,,,,,,,,,,,,,,,,,,,
,,,,,,,,,,,,,,,,,,,,,,,,,,,,,
,,,,,,,,,,,,,,,,,,,,,,,,,,,,,
,,,,,,,,,,,,,,,,,,,,,,,,,,,,,
,,,,,,,,,,,,,,,,,,,,,,,,,,,,,
,,,,,,,,,,,,,,,,,,,,,,,,,,,,,
,,,,,,,,,,,,,,,,,,,,,,,,,,,,,
,,,,,,,,,,,,,,,,,,,,,,,,,,,,,
,,,,,,,,,,,,,,,,,,,,,,,,,,,,,
,,,,,,,,,,,,,,,,,,,,,,,,,,,,,
,,,,,,,,,,,,,,,,,,,,,,,,,,,,,
,,,,,,,,,,,,,,,,,,,,,,,,,,,,,
,,,,,,,,,,,,,,,,,,,,,,,,,,,,,
,,,,,,,,,,,,,,,,,,,,,,,,,,,,,
,,,,,,,,,,,,,,,,,,,,,,,,,,,,,
,,,,,,,,,,,,,,,,,,,,,,,,,,,,,
,,,,,,,,,,,,,,,,,,,,,,,,,,,,,
,,,,,,,,,,,,,,,,,,,,,,,,,,,,,
,,,,,,,,,,,,,,,,,,,,,,,,,,,,,
,,,,,,,,,,,,,,,,,,,,,,,,,,,,,
,,,,,,,,,,,,,,,,,,,,,,,,,,,,,
,,,,,,,,,,,,,,,,,,,,,,,,,,,,,
,,,,,,,,,,,,,,,,,,,,,,,,,,,,,
,,,,,,,,,,,,,,,,,,,,,,,,,,,,,
,,,,,,,,,,,,,,,,,,,,,,,,,,,,,
,,,,,,,,,,,,,,,,,,,,,,,,,,,,,
,,,,,,,,,,,,,,,,,,,,,,,,,,,,,
,,,,,,,,,,,,,,,,,,,,,,,,,,,,,
,,,,,,,,,,,,,,,,,,,,,,,,,,,,,
,,,,,,,,,,,,,,,,,,,,,,,,,,,,,
,,,,,,,,,,,,,,,,,,,,,,,,,,,,,
,,,,,,,,,,,,,,,,,,,,,,,,,,,,,
,,,,,,,,,,,,,,,,,,,,,,,,,,,,,
,,,,,,,,,,,,,,,,,,,,,,,,,,,,,
,,,,,,,,,,,,,,,,,,,,,,,,,,,,,
,,,,,,,,,,,,,,,,,,,,,,,,,,,,,
,,,,,,,,,,,,,,,,,,,,,,,,,,,,,
,,,,,,,,,,,,,,,,,,,,,,,,,,,,,
,,,,,,,,,,,,,,,,,,,,,,,,,,,,,
,,,,,,,,,,,,,,,,,,,,,,,,,,,,,
,,,,,,,,,,,,,,,,,,,,,,,,,,,,,
,,,,,,,,,,,,,,,,,,,,,,,,,,,,,
,,,,,,,,,,,,,,,,,,,,,,,,,,,,,
,,,,,,,,,,,,,,,,,,,,,,,,,,,,,
,,,,,,,,,,,,,,,,,,,,,,,,,,,,,
,,,,,,,,,,,,,,,,,,,,,,,,,,,,,
,,,,,,,,,,,,,,,,,,,,,,,,,,,,,
,,,,,,,,,,,,,,,,,,,,,,,,,,,,,
,,,,,,,,,,,,,,,,,,,,,,,,,,,,,
,,,,,,,,,,,,,,,,,,,,,,,,,,,,,
,,,,,,,,,,,,,,,,,,,,,,,,,,,,,
,,,,,,,,,,,,,,,,,,,,,,,,,,,,,
,,,,,,,,,,,,,,,,,,,,,,,,,,,,,
,,,,,,,,,,,,,,,,,,,,,,,,,,,,,
,,,,,,,,,,,,,,,,,,,,,,,,,,,,,
,,,,,,,,,,,,,,,,,,,,,,,,,,,,,
,,,,,,,,,,,,,,,,,,,,,,,,,,,,,
,,,,,,,,,,,,,,,,,,,,,,,,,,,,,
,,,,,,,,,,,,,,,,,,,,,,,,,,,,,
,,,,,,,,,,,,,,,,,,,,,,,,,,,,,
,,,,,,,,,,,,,,,,,,,,,,,,,,,,,
,,,,,,,,,,,,,,,,,,,,,,,,,,,,,
,,,,,,,,,,,,,,,,,,,,,,,,,,,,,
,,,,,,,,,,,,,,,,,,,,,,,,,,,,,
,,,,,,,,,,,,,,,,,,,,,,,,,,,,,
,,,,,,,,,,,,,,,,,,,,,,,,,,,,,
,,,,,,,,,,,,,,,,,,,,,,,,,,,,,
,,,,,,,,,,,,,,,,,,,,,,,,,,,,,
,,,,,,,,,,,,,,,,,,,,,,,,,,,,,
,,,,,,,,,,,,,,,,,,,,,,,,,,,,,
,,,,,,,,,,,,,,,,,,,,,,,,,,,,,
,,,,,,,,,,,,,,,,,,,,,,,,,,,,,
,,,,,,,,,,,,,,,,,,,,,,,,,,,,,
,,,,,,,,,,,,,,,,,,,,,,,,,,,,,
,,,,,,,,,,,,,,,,,,,,,,,,,,,,,
,,,,,,,,,,,,,,,,,,,,,,,,,,,,,
,,,,,,,,,,,,,,,,,,,,,,,,,,,,,
,,,,,,,,,,,,,,,,,,,,,,,,,,,,,
,,,,,,,,,,,,,,,,,,,,,,,,,,,,,
,,,,,,,,,,,,,,,,,,,,,,,,,,,,,
,,,,,,,,,,,,,,,,,,,,,,,,,,,,,
,,,,,,,,,,,,,,,,,,,,,,,,,,,,,
,,,,,,,,,,,,,,,,,,,,,,,,,,,,,
,,,,,,,,,,,,,,,,,,,,,,,,,,,,,
,,,,,,,,,,,,,,,,,,,,,,,,,,,,,
,,,,,,,,,,,,,,,,,,,,,,,,,,,,,
,,,,,,,,,,,,,,,,,,,,,,,,,,,,,
,,,,,,,,,,,,,,,,,,,,,,,,,,,,,
,,,,,,,,,,,,,,,,,,,,,,,,,,,,,
,,,,,,,,,,,,,,,,,,,,,,,,,,,,,
,,,,,,,,,,,,,,,,,,,,,,,,,,,,,
,,,,,,,,,,,,,,,,,,,,,,,,,,,,,
,,,,,,,,,,,,,,,,,,,,,,,,,,,,,
,,,,,,,,,,,,,,,,,,,,,,,,,,,,,
,,,,,,,,,,,,,,,,,,,,,,,,,,,,,
,,,,,,,,,,,,,,,,,,,,,,,,,,,,,
,,,,,,,,,,,,,,,,,,,,,,,,,,,,,
,,,,,,,,,,,,,,,,,,,,,,,,,,,,,
,,,,,,,,,,,,,,,,,,,,,,,,,,,,,
,,,,,,,,,,,,,,,,,,,,,,,,,,,,,
,,,,,,,,,,,,,,,,,,,,,,,,,,,,,
,,,,,,,,,,,,,,,,,,,,,,,,,,,,,
,,,,,,,,,,,,,,,,,,,,,,,,,,,,,
,,,,,,,,,,,,,,,,,,,,,,,,,,,,,
,,,,,,,,,,,,,,,,,,,,,,,,,,,,,
,,,,,,,,,,,,,,,,,,,,,,,,,,,,,
,,,,,,,,,,,,,,,,,,,,,,,,,,,,,
,,,,,,,,,,,,,,,,,,,,,,,,,,,,,
,,,,,,,,,,,,,,,,,,,,,,,,,,,,,
,,,,,,,,,,,,,,,,,,,,,,,,,,,,,
,,,,,,,,,,,,,,,,,,,,,,,,,,,,,
,,,,,,,,,,,,,,,,,,,,,,,,,,,,,
,,,,,,,,,,,,,,,,,,,,,,,,,,,,,
,,,,,,,,,,,,,,,,,,,,,,,,,,,,,
,,,,,,,,,,,,,,,,,,,,,,,,,,,,,
,,,,,,,,,,,,,,,,,,,,,,,,,,,,,
,,,,,,,,,,,,,,,,,,,,,,,,,,,,,
,,,,,,,,,,,,,,,,,,,,,,,,,,,,,
,,,,,,,,,,,,,,,,,,,,,,,,,,,,,
,,,,,,,,,,,,,,,,,,,,,,,,,,,,,
,,,,,,,,,,,,,,,,,,,,,,,,,,,,,
,,,,,,,,,,,,,,,,,,,,,,,,,,,,,
,,,,,,,,,,,,,,,,,,,,,,,,,,,,,
,,,,,,,,,,,,,,,,,,,,,,,,,,,,,
,,,,,,,,,,,,,,,,,,,,,,,,,,,,,
,,,,,,,,,,,,,,,,,,,,,,,,,,,,,
,,,,,,,,,,,,,,,,,,,,,,,,,,,,,
,,,,,,,,,,,,,,,,,,,,,,,,,,,,,
,,,,,,,,,,,,,,,,,,,,,,,,,,,,,
,,,,,,,,,,,,,,,,,,,,,,,,,,,,,
,,,,,,,,,,,,,,,,,,,,,,,,,,,,,
,,,,,,,,,,,,,,,,,,,,,,,,,,,,,
,,,,,,,,,,,,,,,,,,,,,,,,,,,,,
,,,,,,,,,,,,,,,,,,,,,,,,,,,,,
,,,,,,,,,,,,,,,,,,,,,,,,,,,,,
,,,,,,,,,,,,,,,,,,,,,,,,,,,,,
,,,,,,,,,,,,,,,,,,,,,,,,,,,,,
,,,,,,,,,,,,,,,,,,,,,,,,,,,,,
,,,,,,,,,,,,,,,,,,,,,,,,,,,,,
,,,,,,,,,,,,,,,,,,,,,,,,,,,,,
,,,,,,,,,,,,,,,,,,,,,,,,,,,,,
,,,,,,,,,,,,,,,,,,,,,,,,,,,,,
,,,,,,,,,,,,,,,,,,,,,,,,,,,,,
,,,,,,,,,,,,,,,,,,,,,,,,,,,,,
,,,,,,,,,,,,,,,,,,,,,,,,,,,,,
,,,,,,,,,,,,,,,,,,,,,,,,,,,,,
,,,,,,,,,,,,,,,,,,,,,,,,,,,,,
,,,,,,,,,,,,,,,,,,,,,,,,,,,,,
,,,,,,,,,,,,,,,,,,,,,,,,,,,,,
,,,,,,,,,,,,,,,,,,,,,,,,,,,,,
,,,,,,,,,,,,,,,,,,,,,,,,,,,,,
,,,,,,,,,,,,,,,,,,,,,,,,,,,,,
,,,,,,,,,,,,,,,,,,,,,,,,,,,,,
,,,,,,,,,,,,,,,,,,,,,,,,,,,,,
,,,,,,,,,,,,,,,,,,,,,,,,,,,,,
,,,,,,,,,,,,,,,,,,,,,,,,,,,,,
,,,,,,,,,,,,,,,,,,,,,,,,,,,,,
,,,,,,,,,,,,,,,,,,,,,,,,,,,,,
,,,,,,,,,,,,,,,,,,,,,,,,,,,,,
,,,,,,,,,,,,,,,,,,,,,,,,,,,,,
,,,,,,,,,,,,,,,,,,,,,,,,,,,,,
,,,,,,,,,,,,,,,,,,,,,,,,,,,,,
,,,,,,,,,,,,,,,,,,,,,,,,,,,,,
,,,,,,,,,,,,,,,,,,,,,,,,,,,,,
,,,,,,,,,,,,,,,,,,,,,,,,,,,,,
,,,,,,,,,,,,,,,,,,,,,,,,,,,,,
,,,,,,,,,,,,,,,,,,,,,,,,,,,,,
,,,,,,,,,,,,,,,,,,,,,,,,,,,,,
,,,,,,,,,,,,,,,,,,,,,,,,,,,,,
,,,,,,,,,,,,,,,,,,,,,,,,,,,,,
,,,,,,,,,,,,,,,,,,,,,,,,,,,,,
,,,,,,,,,,,,,,,,,,,,,,,,,,,,,
,,,,,,,,,,,,,,,,,,,,,,,,,,,,,
,,,,,,,,,,,,,,,,,,,,,,,,,,,,,
,,,,,,,,,,,,,,,,,,,,,,,,,,,,,
,,,,,,,,,,,,,,,,,,,,,,,,,,,,,
,,,,,,,,,,,,,,,,,,,,,,,,,,,,,
,,,,,,,,,,,,,,,,,,,,,,,,,,,,,
,,,,,,,,,,,,,,,,,,,,,,,,,,,,,
,,,,,,,,,,,,,,,,,,,,,,,,,,,,,
,,,,,,,,,,,,,,,,,,,,,,,,,,,,,
,,,,,,,,,,,,,,,,,,,,,,,,,,,,,
,,,,,,,,,,,,,,,,,,,,,,,,,,,,,
,,,,,,,,,,,,,,,,,,,,,,,,,,,,,
,,,,,,,,,,,,,,,,,,,,,,,,,,,,,
,,,,,,,,,,,,,,,,,,,,,,,,,,,,,
,,,,,,,,,,,,,,,,,,,,,,,,,,,,,
,,,,,,,,,,,,,,,,,,,,,,,,,,,,,
,,,,,,,,,,,,,,,,,,,,,,,,,,,,,
,,,,,,,,,,,,,,,,,,,,,,,,,,,,,
,,,,,,,,,,,,,,,,,,,,,,,,,,,,,
,,,,,,,,,,,,,,,,,,,,,,,,,,,,,
,,,,,,,,,,,,,,,,,,,,,,,,,,,,,
,,,,,,,,,,,,,,,,,,,,,,,,,,,,,
,,,,,,,,,,,,,,,,,,,,,,,,,,,,,
,,,,,,,,,,,,,,,,,,,,,,,,,,,,,
,,,,,,,,,,,,,,,,,,,,,,,,,,,,,
,,,,,,,,,,,,,,,,,,,,,,,,,,,,,
,,,,,,,,,,,,,,,,,,,,,,,,,,,,,
,,,,,,,,,,,,,,,,,,,,,,,,,,,,,
,,,,,,,,,,,,,,,,,,,,,,,,,,,,,
,,,,,,,,,,,,,,,,,,,,,,,,,,,,,
,,,,,,,,,,,,,,,,,,,,,,,,,,,,,
,,,,,,,,,,,,,,,,,,,,,,,,,,,,,
,,,,,,,,,,,,,,,,,,,,,,,,,,,,,
,,,,,,,,,,,,,,,,,,,,,,,,,,,,,
,,,,,,,,,,,,,,,,,,,,,,,,,,,,,
,,,,,,,,,,,,,,,,,,,,,,,,,,,,,
,,,,,,,,,,,,,,,,,,,,,,,,,,,,,
,,,,,,,,,,,,,,,,,,,,,,,,,,,,,
,,,,,,,,,,,,,,,,,,,,,,,,,,,,,
,,,,,,,,,,,,,,,,,,,,,,,,,,,,,
,,,,,,,,,,,,,,,,,,,,,,,,,,,,,
,,,,,,,,,,,,,,,,,,,,,,,,,,,,,
,,,,,,,,,,,,,,,,,,,,,,,,,,,,,
,,,,,,,,,,,,,,,,,,,,,,,,,,,,,
,,,,,,,,,,,,,,,,,,,,,,,,,,,,,
,,,,,,,,,,,,,,,,,,,,,,,,,,,,,
,,,,,,,,,,,,,,,,,,,,,,,,,,,,,
,,,,,,,,,,,,,,,,,,,,,,,,,,,,,
,,,,,,,,,,,,,,,,,,,,,,,,,,,,,
,,,,,,,,,,,,,,,,,,,,,,,,,,,,,
,,,,,,,,,,,,,,,,,,,,,,,,,,,,,
,,,,,,,,,,,,,,,,,,,,,,,,,,,,,
,,,,,,,,,,,,,,,,,,,,,,,,,,,,,
,,,,,,,,,,,,,,,,,,,,,,,,,,,,,
,,,,,,,,,,,,,,,,,,,,,,,,,,,,,
,,,,,,,,,,,,,,,,,,,,,,,,,,,,,
,,,,,,,,,,,,,,,,,,,,,,,,,,,,,
,,,,,,,,,,,,,,,,,,,,,,,,,,,,,
,,,,,,,,,,,,,,,,,,,,,,,,,,,,,
,,,,,,,,,,,,,,,,,,,,,,,,,,,,,
,,,,,,,,,,,,,,,,,,,,,,,,,,,,,
,,,,,,,,,,,,,,,,,,,,,,,,,,,,,
,,,,,,,,,,,,,,,,,,,,,,,,,,,,,
,,,,,,,,,,,,,,,,,,,,,,,,,,,,,
,,,,,,,,,,,,,,,,,,,,,,,,,,,,,
,,,,,,,,,,,,,,,,,,,,,,,,,,,,,
,,,,,,,,,,,,,,,,,,,,,,,,,,,,,
,,,,,,,,,,,,,,,,,,,,,,,,,,,,,
,,,,,,,,,,,,,,,,,,,,,,,,,,,,,
,,,,,,,,,,,,,,,,,,,,,,,,,,,,,
,,,,,,,,,,,,,,,,,,,,,,,,,,,,,
,,,,,,,,,,,,,,,,,,,,,,,,,,,,,
,,,,,,,,,,,,,,,,,,,,,,,,,,,,,
,,,,,,,,,,,,,,,,,,,,,,,,,,,,,
,,,,,,,,,,,,,,,,,,,,,,,,,,,,,
,,,,,,,,,,,,,,,,,,,,,,,,,,,,,
,,,,,,,,,,,,,,,,,,,,,,,,,,,,,
,,,,,,,,,,,,,,,,,,,,,,,,,,,,,
,,,,,,,,,,,,,,,,,,,,,,,,,,,,,
,,,,,,,,,,,,,,,,,,,,,,,,,,,,,
,,,,,,,,,,,,,,,,,,,,,,,,,,,,,
,,,,,,,,,,,,,,,,,,,,,,,,,,,,,
,,,,,,,,,,,,,,,,,,,,,,,,,,,,,
,,,,,,,,,,,,,,,,,,,,,,,,,,,,,
,,,,,,,,,,,,,,,,,,,,,,,,,,,,,
,,,,,,,,,,,,,,,,,,,,,,,,,,,,,
,,,,,,,,,,,,,,,,,,,,,,,,,,,,,
,,,,,,,,,,,,,,,,,,,,,,,,,,,,,
,,,,,,,,,,,,,,,,,,,,,,,,,,,,,
,,,,,,,,,,,,,,,,,,,,,,,,,,,,,
,,,,,,,,,,,,,,,,,,,,,,,,,,,,,
,,,,,,,,,,,,,,,,,,,,,,,,,,,,,
,,,,,,,,,,,,,,,,,,,,,,,,,,,,,
,,,,,,,,,,,,,,,,,,,,,,,,,,,,,
,,,,,,,,,,,,,,,,,,,,,,,,,,,,,
,,,,,,,,,,,,,,,,,,,,,,,,,,,,,
,,,,,,,,,,,,,,,,,,,,,,,,,,,,,
,,,,,,,,,,,,,,,,,,,,,,,,,,,,,
,,,,,,,,,,,,,,,,,,,,,,,,,,,,,
,,,,,,,,,,,,,,,,,,,,,,,,,,,,,
,,,,,,,,,,,,,,,,,,,,,,,,,,,,,
,,,,,,,,,,,,,,,,,,,,,,,,,,,,,
,,,,,,,,,,,,,,,,,,,,,,,,,,,,,
,,,,,,,,,,,,,,,,,,,,,,,,,,,,,
,,,,,,,,,,,,,,,,,,,,,,,,,,,,,
,,,,,,,,,,,,,,,,,,,,,,,,,,,,,
,,,,,,,,,,,,,,,,,,,,,,,,,,,,,
,,,,,,,,,,,,,,,,,,,,,,,,,,,,,
,,,,,,,,,,,,,,,,,,,,,,,,,,,,,
,,,,,,,,,,,,,,,,,,,,,,,,,,,,,
,,,,,,,,,,,,,,,,,,,,,,,,,,,,,
,,,,,,,,,,,,,,,,,,,,,,,,,,,,,
,,,,,,,,,,,,,,,,,,,,,,,,,,,,,
,,,,,,,,,,,,,,,,,,,,,,,,,,,,,
,,,,,,,,,,,,,,,,,,,,,,,,,,,,,
,,,,,,,,,,,,,,,,,,,,,,,,,,,,,
,,,,,,,,,,,,,,,,,,,,,,,,,,,,,
,,,,,,,,,,,,,,,,,,,,,,,,,,,,,
,,,,,,,,,,,,,,,,,,,,,,,,,,,,,
,,,,,,,,,,,,,,,,,,,,,,,,,,,,,
,,,,,,,,,,,,,,,,,,,,,,,,,,,,,
,,,,,,,,,,,,,,,,,,,,,,,,,,,,,
,,,,,,,,,,,,,,,,,,,,,,,,,,,,,
,,,,,,,,,,,,,,,,,,,,,,,,,,,,,
,,,,,,,,,,,,,,,,,,,,,,,,,,,,,
,,,,,,,,,,,,,,,,,,,,,,,,,,,,,
,,,,,,,,,,,,,,,,,,,,,,,,,,,,,
,,,,,,,,,,,,,,,,,,,,,,,,,,,,,
,,,,,,,,,,,,,,,,,,,,,,,,,,,,,
,,,,,,,,,,,,,,,,,,,,,,,,,,,,,
,,,,,,,,,,,,,,,,,,,,,,,,,,,,,
,,,,,,,,,,,,,,,,,,,,,,,,,,,,,
,,,,,,,,,,,,,,,,,,,,,,,,,,,,,
,,,,,,,,,,,,,,,,,,,,,,,,,,,,,
,,,,,,,,,,,,,,,,,,,,,,,,,,,,,
,,,,,,,,,,,,,,,,,,,,,,,,,,,,,
,,,,,,,,,,,,,,,,,,,,,,,,,,,,,
,,,,,,,,,,,,,,,,,,,,,,,,,,,,,
,,,,,,,,,,,,,,,,,,,,,,,,,,,,,
,,,,,,,,,,,,,,,,,,,,,,,,,,,,,
,,,,,,,,,,,,,,,,,,,,,,,,,,,,,
,,,,,,,,,,,,,,,,,,,,,,,,,,,,,
,,,,,,,,,,,,,,,,,,,,,,,,,,,,,
,,,,,,,,,,,,,,,,,,,,,,,,,,,,,
,,,,,,,,,,,,,,,,,,,,,,,,,,,,,
,,,,,,,,,,,,,,,,,,,,,,,,,,,,,
,,,,,,,,,,,,,,,,,,,,,,,,,,,,,
,,,,,,,,,,,,,,,,,,,,,,,,,,,,,
,,,,,,,,,,,,,,,,,,,,,,,,,,,,,
,,,,,,,,,,,,,,,,,,,,,,,,,,,,,
,,,,,,,,,,,,,,,,,,,,,,,,,,,,,
,,,,,,,,,,,,,,,,,,,,,,,,,,,,,
,,,,,,,,,,,,,,,,,,,,,,,,,,,,,
,,,,,,,,,,,,,,,,,,,,,,,,,,,,,
,,,,,,,,,,,,,,,,,,,,,,,,,,,,,
,,,,,,,,,,,,,,,,,,,,,,,,,,,,,
,,,,,,,,,,,,,,,,,,,,,,,,,,,,,
,,,,,,,,,,,,,,,,,,,,,,,,,,,,,
,,,,,,,,,,,,,,,,,,,,,,,,,,,,,
,,,,,,,,,,,,,,,,,,,,,,,,,,,,,
,,,,,,,,,,,,,,,,,,,,,,,,,,,,,
,,,,,,,,,,,,,,,,,,,,,,,,,,,,,
,,,,,,,,,,,,,,,,,,,,,,,,,,,,,
,,,,,,,,,,,,,,,,,,,,,,,,,,,,,
,,,,,,,,,,,,,,,,,,,,,,,,,,,,,
,,,,,,,,,,,,,,,,,,,,,,,,,,,,,
,,,,,,,,,,,,,,,,,,,,,,,,,,,,,
,,,,,,,,,,,,,,,,,,,,,,,,,,,,,
,,,,,,,,,,,,,,,,,,,,,,,,,,,,,
,,,,,,,,,,,,,,,,,,,,,,,,,,,,,
,,,,,,,,,,,,,,,,,,,,,,,,,,,,,
,,,,,,,,,,,,,,,,,,,,,,,,,,,,,
,,,,,,,,,,,,,,,,,,,,,,,,,,,,,
,,,,,,,,,,,,,,,,,,,,,,,,,,,,,
,,,,,,,,,,,,,,,,,,,,,,,,,,,,,
,,,,,,,,,,,,,,,,,,,,,,,,,,,,,
,,,,,,,,,,,,,,,,,,,,,,,,,,,,,
,,,,,,,,,,,,,,,,,,,,,,,,,,,,,
,,,,,,,,,,,,,,,,,,,,,,,,,,,,,
,,,,,,,,,,,,,,,,,,,,,,,,,,,,,
,,,,,,,,,,,,,,,,,,,,,,,,,,,,,
,,,,,,,,,,,,,,,,,,,,,,,,,,,,,
,,,,,,,,,,,,,,,,,,,,,,,,,,,,,
,,,,,,,,,,,,,,,,,,,,,,,,,,,,,
,,,,,,,,,,,,,,,,,,,,,,,,,,,,,
,,,,,,,,,,,,,,,,,,,,,,,,,,,,,
,,,,,,,,,,,,,,,,,,,,,,,,,,,,,
,,,,,,,,,,,,,,,,,,,,,,,,,,,,,
,,,,,,,,,,,,,,,,,,,,,,,,,,,,,
,,,,,,,,,,,,,,,,,,,,,,,,,,,,,
,,,,,,,,,,,,,,,,,,,,,,,,,,,,,
,,,,,,,,,,,,,,,,,,,,,,,,,,,,,
,,,,,,,,,,,,,,,,,,,,,,,,,,,,,
,,,,,,,,,,,,,,,,,,,,,,,,,,,,,
,,,,,,,,,,,,,,,,,,,,,,,,,,,,,
,,,,,,,,,,,,,,,,,,,,,,,,,,,,,
,,,,,,,,,,,,,,,,,,,,,,,,,,,,,
,,,,,,,,,,,,,,,,,,,,,,,,,,,,,
,,,,,,,,,,,,,,,,,,,,,,,,,,,,,
,,,,,,,,,,,,,,,,,,,,,,,,,,,,,
,,,,,,,,,,,,,,,,,,,,,,,,,,,,,
,,,,,,,,,,,,,,,,,,,,,,,,,,,,,
,,,,,,,,,,,,,,,,,,,,,,,,,,,,,
,,,,,,,,,,,,,,,,,,,,,,,,,,,,,
,,,,,,,,,,,,,,,,,,,,,,,,,,,,,
,,,,,,,,,,,,,,,,,,,,,,,,,,,,,
,,,,,,,,,,,,,,,,,,,,,,,,,,,,,
,,,,,,,,,,,,,,,,,,,,,,,,,,,,,
,,,,,,,,,,,,,,,,,,,,,,,,,,,,,
,,,,,,,,,,,,,,,,,,,,,,,,,,,,,
,,,,,,,,,,,,,,,,,,,,,,,,,,,,,
,,,,,,,,,,,,,,,,,,,,,,,,,,,,,
,,,,,,,,,,,,,,,,,,,,,,,,,,,,,
,,,,,,,,,,,,,,,,,,,,,,,,,,,,,
,,,,,,,,,,,,,,,,,,,,,,,,,,,,,
,,,,,,,,,,,,,,,,,,,,,,,,,,,,,
,,,,,,,,,,,,,,,,,,,,,,,,,,,,,
,,,,,,,,,,,,,,,,,,,,,,,,,,,,,
,,,,,,,,,,,,,,,,,,,,,,,,,,,,,
,,,,,,,,,,,,,,,,,,,,,,,,,,,,,
,,,,,,,,,,,,,,,,,,,,,,,,,,,,,
,,,,,,,,,,,,,,,,,,,,,,,,,,,,,
,,,,,,,,,,,,,,,,,,,,,,,,,,,,,
,,,,,,,,,,,,,,,,,,,,,,,,,,,,,
,,,,,,,,,,,,,,,,,,,,,,,,,,,,,
,,,,,,,,,,,,,,,,,,,,,,,,,,,,,
,,,,,,,,,,,,,,,,,,,,,,,,,,,,,
,,,,,,,,,,,,,,,,,,,,,,,,,,,,,
,,,,,,,,,,,,,,,,,,,,,,,,,,,,,
,,,,,,,,,,,,,,,,,,,,,,,,,,,,,
,,,,,,,,,,,,,,,,,,,,,,,,,,,,,
,,,,,,,,,,,,,,,,,,,,,,,,,,,,,
,,,,,,,,,,,,,,,,,,,,,,,,,,,,,
,,,,,,,,,,,,,,,,,,,,,,,,,,,,,
,,,,,,,,,,,,,,,,,,,,,,,,,,,,,
,,,,,,,,,,,,,,,,,,,,,,,,,,,,,
,,,,,,,,,,,,,,,,,,,,,,,,,,,,,
,,,,,,,,,,,,,,,,,,,,,,,,,,,,,
,,,,,,,,,,,,,,,,,,,,,,,,,,,,,
,,,,,,,,,,,,,,,,,,,,,,,,,,,,,
,,,,,,,,,,,,,,,,,,,,,,,,,,,,,
,,,,,,,,,,,,,,,,,,,,,,,,,,,,,
,,,,,,,,,,,,,,,,,,,,,,,,,,,,,
,,,,,,,,,,,,,,,,,,,,,,,,,,,,,
,,,,,,,,,,,,,,,,,,,,,,,,,,,,,
,,,,,,,,,,,,,,,,,,,,,,,,,,,,,
,,,,,,,,,,,,,,,,,,,,,,,,,,,,,
,,,,,,,,,,,,,,,,,,,,,,,,,,,,,
,,,,,,,,,,,,,,,,,,,,,,,,,,,,,
,,,,,,,,,,,,,,,,,,,,,,,,,,,,,
,,,,,,,,,,,,,,,,,,,,,,,,,,,,,
,,,,,,,,,,,,,,,,,,,,,,,,,,,,,
,,,,,,,,,,,,,,,,,,,,,,,,,,,,,
,,,,,,,,,,,,,,,,,,,,,,,,,,,,,
,,,,,,,,,,,,,,,,,,,,,,,,,,,,,
,,,,,,,,,,,,,,,,,,,,,,,,,,,,,
,,,,,,,,,,,,,,,,,,,,,,,,,,,,,
,,,,,,,,,,,,,,,,,,,,,,,,,,,,,
,,,,,,,,,,,,,,,,,,,,,,,,,,,,,
,,,,,,,,,,,,,,,,,,,,,,,,,,,,,
,,,,,,,,,,,,,,,,,,,,,,,,,,,,,
,,,,,,,,,,,,,,,,,,,,,,,,,,,,,
,,,,,,,,,,,,,,,,,,,,,,,,,,,,,
,,,,,,,,,,,,,,,,,,,,,,,,,,,,,
,,,,,,,,,,,,,,,,,,,,,,,,,,,,,
,,,,,,,,,,,,,,,,,,,,,,,,,,,,,
,,,,,,,,,,,,,,,,,,,,,,,,,,,,,
,,,,,,,,,,,,,,,,,,,,,,,,,,,,,
,,,,,,,,,,,,,,,,,,,,,,,,,,,,,
,,,,,,,,,,,,,,,,,,,,,,,,,,,,,
,,,,,,,,,,,,,,,,,,,,,,,,,,,,,
,,,,,,,,,,,,,,,,,,,,,,,,,,,,,
,,,,,,,,,,,,,,,,,,,,,,,,,,,,,
,,,,,,,,,,,,,,,,,,,,,,,,,,,,,
,,,,,,,,,,,,,,,,,,,,,,,,,,,,,
,,,,,,,,,,,,,,,,,,,,,,,,,,,,,
,,,,,,,,,,,,,,,,,,,,,,,,,,,,,
,,,,,,,,,,,,,,,,,,,,,,,,,,,,,
,,,,,,,,,,,,,,,,,,,,,,,,,,,,,
,,,,,,,,,,,,,,,,,,,,,,,,,,,,,
,,,,,,,,,,,,,,,,,,,,,,,,,,,,,
,,,,,,,,,,,,,,,,,,,,,,,,,,,,,
,,,,,,,,,,,,,,,,,,,,,,,,,,,,,
,,,,,,,,,,,,,,,,,,,,,,,,,,,,,
,,,,,,,,,,,,,,,,,,,,,,,,,,,,,
,,,,,,,,,,,,,,,,,,,,,,,,,,,,,
,,,,,,,,,,,,,,,,,,,,,,,,,,,,,
,,,,,,,,,,,,,,,,,,,,,,,,,,,,,
,,,,,,,,,,,,,,,,,,,,,,,,,,,,,
,,,,,,,,,,,,,,,,,,,,,,,,,,,,,
,,,,,,,,,,,,,,,,,,,,,,,,,,,,,
,,,,,,,,,,,,,,,,,,,,,,,,,,,,,
,,,,,,,,,,,,,,,,,,,,,,,,,,,,,
,,,,,,,,,,,,,,,,,,,,,,,,,,,,,
,,,,,,,,,,,,,,,,,,,,,,,,,,,,,
,,,,,,,,,,,,,,,,,,,,,,,,,,,,,
,,,,,,,,,,,,,,,,,,,,,,,,,,,,,
,,,,,,,,,,,,,,,,,,,,,,,,,,,,,
,,,,,,,,,,,,,,,,,,,,,,,,,,,,,
,,,,,,,,,,,,,,,,,,,,,,,,,,,,,
,,,,,,,,,,,,,,,,,,,,,,,,,,,,,
,,,,,,,,,,,,,,,,,,,,,,,,,,,,,
,,,,,,,,,,,,,,,,,,,,,,,,,,,,,
,,,,,,,,,,,,,,,,,,,,,,,,,,,,,
,,,,,,,,,,,,,,,,,,,,,,,,,,,,,
,,,,,,,,,,,,,,,,,,,,,,,,,,,,,
,,,,,,,,,,,,,,,,,,,,,,,,,,,,,
,,,,,,,,,,,,,,,,,,,,,,,,,,,,,
,,,,,,,,,,,,,,,,,,,,,,,,,,,,,
,,,,,,,,,,,,,,,,,,,,,,,,,,,,,
,,,,,,,,,,,,,,,,,,,,,,,,,,,,,
,,,,,,,,,,,,,,,,,,,,,,,,,,,,,
,,,,,,,,,,,,,,,,,,,,,,,,,,,,,
,,,,,,,,,,,,,,,,,,,,,,,,,,,,,
,,,,,,,,,,,,,,,,,,,,,,,,,,,,,
,,,,,,,,,,,,,,,,,,,,,,,,,,,,,
,,,,,,,,,,,,,,,,,,,,,,,,,,,,,
,,,,,,,,,,,,,,,,,,,,,,,,,,,,,
,,,,,,,,,,,,,,,,,,,,,,,,,,,,,
,,,,,,,,,,,,,,,,,,,,,,,,,,,,,
,,,,,,,,,,,,,,,,,,,,,,,,,,,,,
,,,,,,,,,,,,,,,,,,,,,,,,,,,,,
,,,,,,,,,,,,,,,,,,,,,,,,,,,,,
,,,,,,,,,,,,,,,,,,,,,,,,,,,,,
,,,,,,,,,,,,,,,,,,,,,,,,,,,,,
,,,,,,,,,,,,,,,,,,,,,,,,,,,,,
,,,,,,,,,,,,,,,,,,,,,,,,,,,,,
,,,,,,,,,,,,,,,,,,,,,,,,,,,,,
,,,,,,,,,,,,,,,,,,,,,,,,,,,,,
,,,,,,,,,,,,,,,,,,,,,,,,,,,,,
,,,,,,,,,,,,,,,,,,,,,,,,,,,,,
,,,,,,,,,,,,,,,,,,,,,,,,,,,,,
,,,,,,,,,,,,,,,,,,,,,,,,,,,,,
,,,,,,,,,,,,,,,,,,,,,,,,,,,,,
,,,,,,,,,,,,,,,,,,,,,,,,,,,,,
,,,,,,,,,,,,,,,,,,,,,,,,,,,,,
,,,,,,,,,,,,,,,,,,,,,,,,,,,,,
,,,,,,,,,,,,,,,,,,,,,,,,,,,,,
,,,,,,,,,,,,,,,,,,,,,,,,,,,,,
,,,,,,,,,,,,,,,,,,,,,,,,,,,,,
,,,,,,,,,,,,,,,,,,,,,,,,,,,,,
,,,,,,,,,,,,,,,,,,,,,,,,,,,,,
,,,,,,,,,,,,,,,,,,,,,,,,,,,,,
,,,,,,,,,,,,,,,,,,,,,,,,,,,,,
,,,,,,,,,,,,,,,,,,,,,,,,,,,,,
,,,,,,,,,,,,,,,,,,,,,,,,,,,,,
,,,,,,,,,,,,,,,,,,,,,,,,,,,,,
,,,,,,,,,,,,,,,,,,,,,,,,,,,,,
,,,,,,,,,,,,,,,,,,,,,,,,,,,,,
,,,,,,,,,,,,,,,,,,,,,,,,,,,,,
,,,,,,,,,,,,,,,,,,,,,,,,,,,,,
,,,,,,,,,,,,,,,,,,,,,,,,,,,,,
,,,,,,,,,,,,,,,,,,,,,,,,,,,,,
,,,,,,,,,,,,,,,,,,,,,,,,,,,,,
,,,,,,,,,,,,,,,,,,,,,,,,,,,,,
,,,,,,,,,,,,,,,,,,,,,,,,,,,,,
,,,,,,,,,,,,,,,,,,,,,,,,,,,,,
,,,,,,,,,,,,,,,,,,,,,,,,,,,,,
,,,,,,,,,,,,,,,,,,,,,,,,,,,,,
,,,,,,,,,,,,,,,,,,,,,,,,,,,,,
,,,,,,,,,,,,,,,,,,,,,,,,,,,,,
,,,,,,,,,,,,,,,,,,,,,,,,,,,,,
,,,,,,,,,,,,,,,,,,,,,,,,,,,,,
,,,,,,,,,,,,,,,,,,,,,,,,,,,,,
,,,,,,,,,,,,,,,,,,,,,,,,,,,,,
,,,,,,,,,,,,,,,,,,,,,,,,,,,,,
,,,,,,,,,,,,,,,,,,,,,,,,,,,,,
,,,,,,,,,,,,,,,,,,,,,,,,,,,,,
,,,,,,,,,,,,,,,,,,,,,,,,,,,,,
,,,,,,,,,,,,,,,,,,,,,,,,,,,,,
,,,,,,,,,,,,,,,,,,,,,,,,,,,,,
,,,,,,,,,,,,,,,,,,,,,,,,,,,,,
,,,,,,,,,,,,,,,,,,,,,,,,,,,,,
,,,,,,,,,,,,,,,,,,,,,,,,,,,,,
,,,,,,,,,,,,,,,,,,,,,,,,,,,,,
,,,,,,,,,,,,,,,,,,,,,,,,,,,,,
,,,,,,,,,,,,,,,,,,,,,,,,,,,,,
,,,,,,,,,,,,,,,,,,,,,,,,,,,,,
,,,,,,,,,,,,,,,,,,,,,,,,,,,,,
,,,,,,,,,,,,,,,,,,,,,,,,,,,,,
,,,,,,,,,,,,,,,,,,,,,,,,,,,,,
,,,,,,,,,,,,,,,,,,,,,,,,,,,,,
,,,,,,,,,,,,,,,,,,,,,,,,,,,,,
,,,,,,,,,,,,,,,,,,,,,,,,,,,,,
,,,,,,,,,,,,,,,,,,,,,,,,,,,,,
,,,,,,,,,,,,,,,,,,,,,,,,,,,,,
,,,,,,,,,,,,,,,,,,,,,,,,,,,,,
,,,,,,,,,,,,,,,,,,,,,,,,,,,,,
,,,,,,,,,,,,,,,,,,,,,,,,,,,,,
,,,,,,,,,,,,,,,,,,,,,,,,,,,,,
,,,,,,,,,,,,,,,,,,,,,,,,,,,,,
,,,,,,,,,,,,,,,,,,,,,,,,,,,,,
,,,,,,,,,,,,,,,,,,,,,,,,,,,,,
,,,,,,,,,,,,,,,,,,,,,,,,,,,,,
,,,,,,,,,,,,,,,,,,,,,,,,,,,,,
,,,,,,,,,,,,,,,,,,,,,,,,,,,,,
,,,,,,,,,,,,,,,,,,,,,,,,,,,,,
,,,,,,,,,,,,,,,,,,,,,,,,,,,,,
,,,,,,,,,,,,,,,,,,,,,,,,,,,,,
,,,,,,,,,,,,,,,,,,,,,,,,,,,,,
,,,,,,,,,,,,,,,,,,,,,,,,,,,,,
,,,,,,,,,,,,,,,,,,,,,,,,,,,,,
,,,,,,,,,,,,,,,,,,,,,,,,,,,,,
,,,,,,,,,,,,,,,,,,,,,,,,,,,,,
,,,,,,,,,,,,,,,,,,,,,,,,,,,,,
,,,,,,,,,,,,,,,,,,,,,,,,,,,,,
,,,,,,,,,,,,,,,,,,,,,,,,,,,,,
,,,,,,,,,,,,,,,,,,,,,,,,,,,,,
,,,,,,,,,,,,,,,,,,,,,,,,,,,,,
,,,,,,,,,,,,,,,,,,,,,,,,,,,,,
,,,,,,,,,,,,,,,,,,,,,,,,,,,,,
,,,,,,,,,,,,,,,,,,,,,,,,,,,,,
,,,,,,,,,,,,,,,,,,,,,,,,,,,,,
,,,,,,,,,,,,,,,,,,,,,,,,,,,,,
,,,,,,,,,,,,,,,,,,,,,,,,,,,,,
,,,,,,,,,,,,,,,,,,,,,,,,,,,,,
,,,,,,,,,,,,,,,,,,,,,,,,,,,,,
,,,,,,,,,,,,,,,,,,,,,,,,,,,,,
,,,,,,,,,,,,,,,,,,,,,,,,,,,,,
,,,,,,,,,,,,,,,,,,,,,,,,,,,,,
,,,,,,,,,,,,,,,,,,,,,,,,,,,,,
,,,,,,,,,,,,,,,,,,,,,,,,,,,,,
,,,,,,,,,,,,,,,,,,,,,,,,,,,,,
,,,,,,,,,,,,,,,,,,,,,,,,,,,,,
,,,,,,,,,,,,,,,,,,,,,,,,,,,,,
,,,,,,,,,,,,,,,,,,,,,,,,,,,,,
,,,,,,,,,,,,,,,,,,,,,,,,,,,,,
,,,,,,,,,,,,,,,,,,,,,,,,,,,,,
,,,,,,,,,,,,,,,,,,,,,,,,,,,,,
,,,,,,,,,,,,,,,,,,,,,,,,,,,,,
,,,,,,,,,,,,,,,,,,,,,,,,,,,,,
,,,,,,,,,,,,,,,,,,,,,,,,,,,,,
,,,,,,,,,,,,,,,,,,,,,,,,,,,,,
,,,,,,,,,,,,,,,,,,,,,,,,,,,,,
,,,,,,,,,,,,,,,,,,,,,,,,,,,,,
,,,,,,,,,,,,,,,,,,,,,,,,,,,,,
,,,,,,,,,,,,,,,,,,,,,,,,,,,,,
,,,,,,,,,,,,,,,,,,,,,,,,,,,,,
,,,,,,,,,,,,,,,,,,,,,,,,,,,,,
,,,,,,,,,,,,,,,,,,,,,,,,,,,,,
,,,,,,,,,,,,,,,,,,,,,,,,,,,,,
,,,,,,,,,,,,,,,,,,,,,,,,,,,,,
,,,,,,,,,,,,,,,,,,,,,,,,,,,,,
,,,,,,,,,,,,,,,,,,,,,,,,,,,,,
,,,,,,,,,,,,,,,,,,,,,,,,,,,,,
,,,,,,,,,,,,,,,,,,,,,,,,,,,,,
,,,,,,,,,,,,,,,,,,,,,,,,,,,,,
,,,,,,,,,,,,,,,,,,,,,,,,,,,,,
,,,,,,,,,,,,,,,,,,,,,,,,,,,,,
,,,,,,,,,,,,,,,,,,,,,,,,,,,,,
,,,,,,,,,,,,,,,,,,,,,,,,,,,,,
,,,,,,,,,,,,,,,,,,,,,,,,,,,,,
,,,,,,,,,,,,,,,,,,,,,,,,,,,,,
,,,,,,,,,,,,,,,,,,,,,,,,,,,,,
,,,,,,,,,,,,,,,,,,,,,,,,,,,,,
,,,,,,,,,,,,,,,,,,,,,,,,,,,,,
,,,,,,,,,,,,,,,,,,,,,,,,,,,,,
,,,,,,,,,,,,,,,,,,,,,,,,,,,,,
,,,,,,,,,,,,,,,,,,,,,,,,,,,,,
,,,,,,,,,,,,,,,,,,,,,,,,,,,,,
,,,,,,,,,,,,,,,,,,,,,,,,,,,,,
,,,,,,,,,,,,,,,,,,,,,,,,,,,,,
,,,,,,,,,,,,,,,,,,,,,,,,,,,,,
,,,,,,,,,,,,,,,,,,,,,,,,,,,,,
,,,,,,,,,,,,,,,,,,,,,,,,,,,,,
,,,,,,,,,,,,,,,,,,,,,,,,,,,,,
,,,,,,,,,,,,,,,,,,,,,,,,,,,,,
,,,,,,,,,,,,,,,,,,,,,,,,,,,,,
,,,,,,,,,,,,,,,,,,,,,,,,,,,,,
,,,,,,,,,,,,,,,,,,,,,,,,,,,,,
,,,,,,,,,,,,,,,,,,,,,,,,,,,,,
,,,,,,,,,,,,,,,,,,,,,,,,,,,,,
,,,,,,,,,,,,,,,,,,,,,,,,,,,,,
,,,,,,,,,,,,,,,,,,,,,,,,,,,,,
,,,,,,,,,,,,,,,,,,,,,,,,,,,,,
,,,,,,,,,,,,,,,,,,,,,,,,,,,,,
,,,,,,,,,,,,,,,,,,,,,,,,,,,,,
,,,,,,,,,,,,,,,,,,,,,,,,,,,,,
,,,,,,,,,,,,,,,,,,,,,,,,,,,,,
,,,,,,,,,,,,,,,,,,,,,,,,,,,,,
,,,,,,,,,,,,,,,,,,,,,,,,,,,,,
,,,,,,,,,,,,,,,,,,,,,,,,,,,,,
,,,,,,,,,,,,,,,,,,,,,,,,,,,,,
,,,,,,,,,,,,,,,,,,,,,,,,,,,,,
,,,,,,,,,,,,,,,,,,,,,,,,,,,,,
,,,,,,,,,,,,,,,,,,,,,,,,,,,,,
,,,,,,,,,,,,,,,,,,,,,,,,,,,,,
,,,,,,,,,,,,,,,,,,,,,,,,,,,,,
,,,,,,,,,,,,,,,,,,,,,,,,,,,,,
,,,,,,,,,,,,,,,,,,,,,,,,,,,,,
,,,,,,,,,,,,,,,,,,,,,,,,,,,,,
,,,,,,,,,,,,,,,,,,,,,,,,,,,,,
,,,,,,,,,,,,,,,,,,,,,,,,,,,,,
,,,,,,,,,,,,,,,,,,,,,,,,,,,,,
,,,,,,,,,,,,,,,,,,,,,,,,,,,,,
,,,,,,,,,,,,,,,,,,,,,,,,,,,,,
,,,,,,,,,,,,,,,,,,,,,,,,,,,,,
,,,,,,,,,,,,,,,,,,,,,,,,,,,,,
,,,,,,,,,,,,,,,,,,,,,,,,,,,,,
,,,,,,,,,,,,,,,,,,,,,,,,,,,,,
,,,,,,,,,,,,,,,,,,,,,,,,,,,,,
,,,,,,,,,,,,,,,,,,,,,,,,,,,,,
,,,,,,,,,,,,,,,,,,,,,,,,,,,,,
,,,,,,,,,,,,,,,,,,,,,,,,,,,,,
,,,,,,,,,,,,,,,,,,,,,,,,,,,,,
,,,,,,,,,,,,,,,,,,,,,,,,,,,,,
,,,,,,,,,,,,,,,,,,,,,,,,,,,,,
,,,,,,,,,,,,,,,,,,,,,,,,,,,,,
,,,,,,,,,,,,,,,,,,,,,,,,,,,,,
,,,,,,,,,,,,,,,,,,,,,,,,,,,,,
,,,,,,,,,,,,,,,,,,,,,,,,,,,,,
,,,,,,,,,,,,,,,,,,,,,,,,,,,,,
,,,,,,,,,,,,,,,,,,,,,,,,,,,,,
,,,,,,,,,,,,,,,,,,,,,,,,,,,,,
,,,,,,,,,,,,,,,,,,,,,,,,,,,,,
,,,,,,,,,,,,,,,,,,,,,,,,,,,,,
,,,,,,,,,,,,,,,,,,,,,,,,,,,,,
,,,,,,,,,,,,,,,,,,,,,,,,,,,,,
,,,,,,,,,,,,,,,,,,,,,,,,,,,,,
,,,,,,,,,,,,,,,,,,,,,,,,,,,,,
,,,,,,,,,,,,,,,,,,,,,,,,,,,,,
,,,,,,,,,,,,,,,,,,,,,,,,,,,,,
,,,,,,,,,,,,,,,,,,,,,,,,,,,,,
,,,,,,,,,,,,,,,,,,,,,,,,,,,,,
,,,,,,,,,,,,,,,,,,,,,,,,,,,,,
,,,,,,,,,,,,,,,,,,,,,,,,,,,,,
,,,,,,,,,,,,,,,,,,,,,,,,,,,,,
,,,,,,,,,,,,,,,,,,,,,,,,,,,,,
,,,,,,,,,,,,,,,,,,,,,,,,,,,,,
,,,,,,,,,,,,,,,,,,,,,,,,,,,,,
,,,,,,,,,,,,,,,,,,,,,,,,,,,,,
,,,,,,,,,,,,,,,,,,,,,,,,,,,,,
,,,,,,,,,,,,,,,,,,,,,,,,,,,,,
,,,,,,,,,,,,,,,,,,,,,,,,,,,,,
,,,,,,,,,,,,,,,,,,,,,,,,,,,,,
,,,,,,,,,,,,,,,,,,,,,,,,,,,,,
,,,,,,,,,,,,,,,,,,,,,,,,,,,,,
,,,,,,,,,,,,,,,,,,,,,,,,,,,,,
,,,,,,,,,,,,,,,,,,,,,,,,,,,,,
,,,,,,,,,,,,,,,,,,,,,,,,,,,,,
,,,,,,,,,,,,,,,,,,,,,,,,,,,,,
,,,,,,,,,,,,,,,,,,,,,,,,,,,,,
,,,,,,,,,,,,,,,,,,,,,,,,,,,,,
,,,,,,,,,,,,,,,,,,,,,,,,,,,,,
,,,,,,,,,,,,,,,,,,,,,,,,,,,,,
,,,,,,,,,,,,,,,,,,,,,,,,,,,,,
,,,,,,,,,,,,,,,,,,,,,,,,,,,,,
,,,,,,,,,,,,,,,,,,,,,,,,,,,,,
,,,,,,,,,,,,,,,,,,,,,,,,,,,,,
,,,,,,,,,,,,,,,,,,,,,,,,,,,,,
,,,,,,,,,,,,,,,,,,,,,,,,,,,,,
,,,,,,,,,,,,,,,,,,,,,,,,,,,,,
,,,,,,,,,,,,,,,,,,,,,,,,,,,,,
,,,,,,,,,,,,,,,,,,,,,,,,,,,,,
,,,,,,,,,,,,,,,,,,,,,,,,,,,,,
,,,,,,,,,,,,,,,,,,,,,,,,,,,,,
,,,,,,,,,,,,,,,,,,,,,,,,,,,,,
,,,,,,,,,,,,,,,,,,,,,,,,,,,,,
,,,,,,,,,,,,,,,,,,,,,,,,,,,,,
,,,,,,,,,,,,,,,,,,,,,,,,,,,,,
,,,,,,,,,,,,,,,,,,,,,,,,,,,,,
,,,,,,,,,,,,,,,,,,,,,,,,,,,,,
,,,,,,,,,,,,,,,,,,,,,,,,,,,,,
,,,,,,,,,,,,,,,,,,,,,,,,,,,,,
,,,,,,,,,,,,,,,,,,,,,,,,,,,,,
,,,,,,,,,,,,,,,,,,,,,,,,,,,,,
,,,,,,,,,,,,,,,,,,,,,,,,,,,,,
,,,,,,,,,,,,,,,,,,,,,,,,,,,,,
,,,,,,,,,,,,,,,,,,,,,,,,,,,,,
,,,,,,,,,,,,,,,,,,,,,,,,,,,,,
,,,,,,,,,,,,,,,,,,,,,,,,,,,,,
,,,,,,,,,,,,,,,,,,,,,,,,,,,,,
